order_id;delivery_date;delivery_type;zone_id;total_value;client_id
10000;2023-04-01;1;4;2760.0;10000
10019;2023-04-01;1;3;2840.0;10001
10020;2023-04-01;1;2;4520.0;10002
10021;2023-04-01;1;4;1880.0;10003
10022;2023-04-01;1;5;780.0;10004
10024;2023-04-01;1;1;1110.0;10005
10025;2023-04-01;2;3;8955.0;10006
10018;2023-04-01;1;1;2945.0;10007
10026;2023-04-01;1;2;4260.0;10008
10028;2023-04-01;2;4;1880.0;10009
10029;2023-04-01;2;5;8465.0;10010
10030;2023-04-01;1;2;2280.0;10011
10031;2023-04-01;2;2;1900.0;10012
10032;2023-04-01;1;1;3250.0;10013
10033;2023-04-01;1;5;490.0;10014
10027;2023-04-01;2;2;7855.0;10015
10017;2023-04-01;1;5;3000.0;10016
10023;2023-04-01;1;1;4015.0;10017
10015;2023-04-01;1;3;725.0;10018
10001;2023-04-01;1;3;2860.0;10019
10016;2023-04-01;1;3;2975.0;10020
10003;2023-04-01;1;2;3130.0;10021
10004;2023-04-01;1;2;3640.0;10022
10005;2023-04-01;1;3;1610.0;10023
10006;2023-04-01;1;4;1400.0;10024
10007;2023-04-01;1;5;4605.0;10025
10002;2023-04-01;1;4;2910.0;10026
10009;2023-04-01;1;5;2285.0;10027
10010;2023-04-01;1;5;2725.0;10028
10011;2023-04-01;1;1;500.0;10029
10012;2023-04-01;1;1;1175.0;10030
10013;2023-04-01;1;3;3680.0;10031
10014;2023-04-01;1;2;2460.0;10032
10008;2023-04-01;1;4;530.0;10033
10051;2023-04-02;1;2;2905.0;10034
10052;2023-04-02;1;1;2750.0;10035
10053;2023-04-02;1;1;1110.0;10036
10054;2023-04-02;1;2;790.0;10037
10055;2023-04-02;2;4;2650.0;10038
10056;2023-04-02;1;1;585.0;10039
10059;2023-04-02;1;5;2335.0;10040
10058;2023-04-02;1;2;930.0;10041
10060;2023-04-02;2;3;9070.0;10042
10061;2023-04-02;2;3;3780.0;10043
10063;2023-04-02;2;2;8570.0;10044
10050;2023-04-02;1;3;2420.0;10045
10057;2023-04-02;2;5;5240.0;10046
10049;2023-04-02;1;5;5170.0;10047
10062;2023-04-02;2;4;3960.0;10048
10047;2023-04-02;1;3;400.0;10049
10034;2023-04-02;1;3;2120.0;10050
10048;2023-04-02;1;4;4090.0;10051
10036;2023-04-02;1;2;3450.0;10052
10037;2023-04-02;1;3;610.0;10053
10038;2023-04-02;1;4;960.0;10054
10039;2023-04-02;1;2;3890.0;10055
10035;2023-04-02;1;4;1540.0;10056
10041;2023-04-02;1;1;2995.0;10057
10042;2023-04-02;1;3;1760.0;10058
10043;2023-04-02;1;5;5565.0;10059
10044;2023-04-02;1;5;3950.0;10060
10045;2023-04-02;1;2;2130.0;10061
10046;2023-04-02;1;2;4775.0;10062
10040;2023-04-02;1;5;1730.0;10063
10077;2023-04-03;1;2;2505.0;10064
10078;2023-04-03;1;1;2415.0;10065
10079;2023-04-03;1;3;2645.0;10066
10080;2023-04-03;2;3;3770.0;10067
10084;2023-04-03;1;2;4585.0;10068
10082;2023-04-03;1;2;1990.0;10069
10083;2023-04-03;2;5;2810.0;10070
10085;2023-04-03;2;2;5715.0;10071
10076;2023-04-03;1;4;960.0;10072
10081;2023-04-03;1;3;3870.0;10073
10075;2023-04-03;1;3;2340.0;10074
10086;2023-04-03;2;3;7665.0;10075
10073;2023-04-03;1;1;5555.0;10076
10072;2023-04-03;1;4;730.0;10077
10071;2023-04-03;1;1;1700.0;10078
10070;2023-04-03;1;1;5075.0;10079
10069;2023-04-03;1;3;1045.0;10080
10068;2023-04-03;1;3;2960.0;10081
10067;2023-04-03;1;5;4420.0;10082
10066;2023-04-03;1;5;1030.0;10083
10065;2023-04-03;1;4;3875.0;10084
10064;2023-04-03;1;2;4490.0;10085
10074;2023-04-03;1;1;610.0;10086
10099;2023-04-04;1;4;1785.0;10087
10101;2023-04-04;2;1;7925.0;10088
10102;2023-04-04;2;5;6350.0;10089
10107;2023-04-04;1;4;4875.0;10090
10104;2023-04-04;1;2;1810.0;10091
10105;2023-04-04;1;1;2475.0;10092
10106;2023-04-04;1;1;1630.0;10093
10098;2023-04-04;1;3;650.0;10094
10103;2023-04-04;1;5;600.0;10095
10097;2023-04-04;1;2;2945.0;10096
10100;2023-04-04;1;5;2010.0;10097
10095;2023-04-04;1;5;650.0;10098
10096;2023-04-04;1;4;2365.0;10099
10088;2023-04-04;1;1;1400.0;10100
10089;2023-04-04;1;1;885.0;10101
10090;2023-04-04;1;2;2410.0;10102
10087;2023-04-04;1;4;2940.0;10103
10092;2023-04-04;1;1;1890.0;10104
10093;2023-04-04;1;3;2550.0;10105
10094;2023-04-04;1;1;860.0;10106
10091;2023-04-04;1;3;230.0;10107
10133;2023-04-05;1;1;3440.0;10108
10127;2023-04-05;1;4;2190.0;10109
10129;2023-04-05;1;4;2165.0;10110
10130;2023-04-05;1;5;4785.0;10111
10131;2023-04-05;1;5;1135.0;10112
10132;2023-04-05;1;2;250.0;10113
10134;2023-04-05;2;3;3010.0;10114
10139;2023-04-05;2;5;6610.0;10115
10136;2023-04-05;2;3;4960.0;10116
10137;2023-04-05;1;1;3665.0;10117
10138;2023-04-05;1;5;3660.0;10118
10140;2023-04-05;1;5;1565.0;10119
10141;2023-04-05;1;1;1380.0;10120
10142;2023-04-05;1;4;3570.0;10121
10126;2023-04-05;1;2;2240.0;10122
10135;2023-04-05;2;4;7925.0;10123
10125;2023-04-05;1;1;1200.0;10124
10128;2023-04-05;1;4;2330.0;10125
10123;2023-04-05;1;2;4340.0;10126
10124;2023-04-05;1;2;5365.0;10127
10109;2023-04-05;1;2;2310.0;10128
10110;2023-04-05;1;5;2685.0;10129
10111;2023-04-05;1;2;1380.0;10130
10112;2023-04-05;1;3;3580.0;10131
10113;2023-04-05;1;1;3700.0;10132
10114;2023-04-05;1;2;1610.0;10133
10115;2023-04-05;1;1;3800.0;10134
10108;2023-04-05;1;3;2865.0;10135
10117;2023-04-05;1;2;930.0;10136
10118;2023-04-05;1;1;660.0;10137
10119;2023-04-05;1;1;3570.0;10138
10120;2023-04-05;1;5;2650.0;10139
10121;2023-04-05;1;5;3815.0;10140
10122;2023-04-05;1;4;1690.0;10141
10116;2023-04-05;1;1;1610.0;10142
10162;2023-04-06;1;2;400.0;10143
10163;2023-04-06;1;3;910.0;10144
10164;2023-04-06;1;5;4605.0;10145
10165;2023-04-06;1;3;2400.0;10146
10166;2023-04-06;1;4;1080.0;10147
10167;2023-04-06;1;3;2220.0;10148
10168;2023-04-06;1;2;3890.0;10149
10171;2023-04-06;2;3;6240.0;10150
10170;2023-04-06;1;2;3830.0;10151
10172;2023-04-06;2;5;6815.0;10152
10173;2023-04-06;2;4;4035.0;10153
10174;2023-04-06;2;1;7505.0;10154
10175;2023-04-06;1;3;3300.0;10155
10161;2023-04-06;1;3;620.0;10156
10176;2023-04-06;2;4;4265.0;10157
10169;2023-04-06;1;1;400.0;10158
10160;2023-04-06;1;3;610.0;10159
10157;2023-04-06;1;1;4335.0;10160
10158;2023-04-06;1;5;2015.0;10161
10159;2023-04-06;1;4;2085.0;10162
10144;2023-04-06;1;3;5255.0;10163
10145;2023-04-06;1;5;3695.0;10164
10146;2023-04-06;1;1;2955.0;10165
10147;2023-04-06;1;2;2530.0;10166
10148;2023-04-06;1;1;310.0;10167
10149;2023-04-06;1;5;1700.0;10168
10143;2023-04-06;1;2;4795.0;10169
10151;2023-04-06;1;1;2400.0;10170
10152;2023-04-06;1;4;1080.0;10171
10153;2023-04-06;1;2;465.0;10172
10154;2023-04-06;1;2;3345.0;10173
10155;2023-04-06;1;5;2490.0;10174
10156;2023-04-06;1;3;6050.0;10175
10150;2023-04-06;1;1;1855.0;10176
10192;2023-04-07;1;3;570.0;10177
10193;2023-04-07;1;1;5005.0;10178
10194;2023-04-07;1;1;875.0;10179
10195;2023-04-07;1;1;3245.0;10180
10196;2023-04-07;1;3;2160.0;10181
10200;2023-04-07;1;3;430.0;10182
10198;2023-04-07;1;5;2405.0;10183
10199;2023-04-07;2;3;2250.0;10184
10201;2023-04-07;2;4;7255.0;10185
10202;2023-04-07;2;1;4140.0;10186
10203;2023-04-07;2;2;6945.0;10187
10197;2023-04-07;2;5;2935.0;10188
10190;2023-04-07;1;4;1625.0;10189
10191;2023-04-07;1;2;910.0;10190
10188;2023-04-07;1;5;3680.0;10191
10189;2023-04-07;1;3;3770.0;10192
10178;2023-04-07;1;2;1810.0;10193
10179;2023-04-07;1;3;2385.0;10194
10180;2023-04-07;1;5;950.0;10195
10181;2023-04-07;1;4;2290.0;10196
10177;2023-04-07;1;2;2390.0;10197
10183;2023-04-07;1;3;2555.0;10198
10184;2023-04-07;1;3;4880.0;10199
10185;2023-04-07;1;3;600.0;10200
10186;2023-04-07;1;1;4260.0;10201
10187;2023-04-07;1;3;1930.0;10202
10182;2023-04-07;1;3;2370.0;10203
10215;2023-04-08;1;4;1590.0;10204
10223;2023-04-08;2;5;7830.0;10205
10222;2023-04-08;2;1;6935.0;10206
10221;2023-04-08;2;1;9850.0;10207
10220;2023-04-08;1;1;3020.0;10208
10219;2023-04-08;1;2;2540.0;10209
10218;2023-04-08;1;5;3000.0;10210
10217;2023-04-08;1;1;1575.0;10211
10216;2023-04-08;1;3;1070.0;10212
10214;2023-04-08;1;4;5020.0;10213
10224;2023-04-08;1;5;1990.0;10214
10212;2023-04-08;1;3;1495.0;10215
10204;2023-04-08;1;1;3410.0;10216
10205;2023-04-08;1;3;1480.0;10217
10206;2023-04-08;1;1;4055.0;10218
10207;2023-04-08;1;4;3610.0;10219
10213;2023-04-08;1;1;340.0;10220
10209;2023-04-08;1;4;3485.0;10221
10210;2023-04-08;1;4;1605.0;10222
10211;2023-04-08;1;5;3800.0;10223
10208;2023-04-08;1;5;2680.0;10224
10237;2023-04-09;1;2;2120.0;10225
10245;2023-04-09;1;3;335.0;10226
10244;2023-04-09;2;4;3010.0;10227
10243;2023-04-09;1;4;3325.0;10228
10242;2023-04-09;2;3;8595.0;10229
10241;2023-04-09;2;1;4230.0;10230
10240;2023-04-09;1;4;3030.0;10231
10239;2023-04-09;2;1;5225.0;10232
10238;2023-04-09;2;1;10080.0;10233
10246;2023-04-09;1;4;690.0;10234
10236;2023-04-09;1;3;450.0;10235
10234;2023-04-09;1;4;4255.0;10236
10233;2023-04-09;1;2;1795.0;10237
10232;2023-04-09;1;2;2820.0;10238
10231;2023-04-09;1;5;3220.0;10239
10230;2023-04-09;1;5;1190.0;10240
10229;2023-04-09;1;3;3075.0;10241
10228;2023-04-09;1;1;4070.0;10242
10227;2023-04-09;1;4;4275.0;10243
10226;2023-04-09;1;1;510.0;10244
10225;2023-04-09;1;1;2900.0;10245
10235;2023-04-09;1;2;3520.0;10246
10260;2023-04-10;1;2;3510.0;10247
10262;2023-04-10;1;3;1760.0;10248
10263;2023-04-10;2;1;7820.0;10249
10264;2023-04-10;2;2;6320.0;10250
10259;2023-04-10;1;5;1340.0;10251
10266;2023-04-10;2;5;7385.0;10252
10267;2023-04-10;2;1;8830.0;10253
10268;2023-04-10;2;3;13015.0;10254
10269;2023-04-10;2;4;5095.0;10255
10265;2023-04-10;1;3;1865.0;10256
10258;2023-04-10;1;4;550.0;10257
10261;2023-04-10;1;2;3290.0;10258
10256;2023-04-10;1;1;5100.0;10259
10248;2023-04-10;1;5;1450.0;10260
10249;2023-04-10;1;1;4440.0;10261
10250;2023-04-10;1;2;2910.0;10262
10251;2023-04-10;1;3;2665.0;10263
10247;2023-04-10;1;3;2150.0;10264
10253;2023-04-10;1;4;1010.0;10265
10254;2023-04-10;1;4;600.0;10266
10257;2023-04-10;1;2;1740.0;10267
10255;2023-04-10;1;1;3825.0;10268
10252;2023-04-10;1;3;3515.0;10269
10282;2023-04-11;1;3;1525.0;10270
10290;2023-04-11;2;4;6160.0;10271
10289;2023-04-11;1;1;1360.0;10272
10288;2023-04-11;1;1;2855.0;10273
10287;2023-04-11;1;1;1655.0;10274
10286;2023-04-11;1;2;4600.0;10275
10285;2023-04-11;1;4;1870.0;10276
10284;2023-04-11;1;3;1320.0;10277
10283;2023-04-11;1;3;2040.0;10278
10281;2023-04-11;1;4;3250.0;10279
10279;2023-04-11;1;3;1260.0;10280
10270;2023-04-11;1;5;430.0;10281
10278;2023-04-11;1;5;3865.0;10282
10277;2023-04-11;1;5;665.0;10283
10276;2023-04-11;1;1;2850.0;10284
10275;2023-04-11;1;5;1375.0;10285
10274;2023-04-11;1;1;865.0;10286
10273;2023-04-11;1;1;1640.0;10287
10272;2023-04-11;1;4;2900.0;10288
10271;2023-04-11;1;4;350.0;10289
10280;2023-04-11;1;2;3220.0;10290
10304;2023-04-12;1;2;4855.0;10291
10305;2023-04-12;1;2;2490.0;10292
10306;2023-04-12;1;5;6040.0;10293
10307;2023-04-12;2;1;5690.0;10294
10303;2023-04-12;1;4;3265.0;10295
10309;2023-04-12;1;3;3105.0;10296
10310;2023-04-12;2;4;3990.0;10297
10311;2023-04-12;2;3;6090.0;10298
10308;2023-04-12;1;1;4710.0;10299
10302;2023-04-12;1;3;1515.0;10300
10291;2023-04-12;1;5;490.0;10301
10300;2023-04-12;1;4;4225.0;10302
10299;2023-04-12;1;5;3760.0;10303
10298;2023-04-12;1;1;2320.0;10304
10297;2023-04-12;1;1;3770.0;10305
10296;2023-04-12;1;3;1000.0;10306
10295;2023-04-12;1;1;3840.0;10307
10294;2023-04-12;1;5;2650.0;10308
10293;2023-04-12;1;5;410.0;10309
10292;2023-04-12;1;3;2390.0;10310
10301;2023-04-12;1;1;2475.0;10311
10328;2023-04-13;1;2;850.0;10012
10329;2023-04-13;1;3;3590.0;10031
10330;2023-04-13;2;2;2830.0;10024
10331;2023-04-13;2;3;9390.0;10013
10332;2023-04-13;1;5;4705.0;10015
10337;2023-04-13;1;3;4410.0;10021
10334;2023-04-13;2;2;6285.0;10023
10335;2023-04-13;1;2;2000.0;10009
10336;2023-04-13;2;2;6730.0;10010
10338;2023-04-13;1;3;1730.0;10000
10327;2023-04-13;1;2;5375.0;10020
10333;2023-04-13;2;1;3025.0;10006
10326;2023-04-13;1;5;860.0;10025
10317;2023-04-13;1;4;1175.0;10030
10324;2023-04-13;1;5;375.0;10007
10312;2023-04-13;1;2;825.0;10016
10314;2023-04-13;1;3;1190.0;10003
10315;2023-04-13;1;1;3975.0;10026
10316;2023-04-13;1;5;455.0;10008
10318;2023-04-13;1;1;3555.0;10018
10313;2023-04-13;1;1;860.0;10005
10325;2023-04-13;1;4;1000.0;10019
10320;2023-04-13;1;5;1550.0;10004
10321;2023-04-13;1;2;3275.0;10033
10322;2023-04-13;1;3;2400.0;10028
10323;2023-04-13;1;4;2760.0;10017
10319;2023-04-13;1;3;2030.0;10002
10352;2023-04-14;1;2;1580.0;10041
10353;2023-04-14;1;5;4040.0;10054
10354;2023-04-14;1;1;2260.0;10037
10355;2023-04-14;1;3;1880.0;10057
10361;2023-04-14;1;3;4085.0;10050
10357;2023-04-14;2;1;7420.0;10043
10359;2023-04-14;1;5;3005.0;10053
10360;2023-04-14;1;5;1905.0;10046
10351;2023-04-14;1;5;3195.0;10058
10356;2023-04-14;2;5;6255.0;10063
10358;2023-04-14;1;5;3075.0;10052
10350;2023-04-14;1;3;2475.0;10042
10348;2023-04-14;1;2;940.0;10056
10349;2023-04-14;1;5;1660.0;10059
10339;2023-04-14;1;2;2640.0;10045
10341;2023-04-14;1;4;1450.0;10014
10342;2023-04-14;1;2;4140.0;10047
10340;2023-04-14;1;4;4755.0;10044
10344;2023-04-14;1;1;720.0;10001
10345;2023-04-14;1;5;4480.0;10049
10346;2023-04-14;1;4;3750.0;10039
10347;2023-04-14;1;4;820.0;10062
10343;2023-04-14;1;4;1495.0;10048
10383;2023-04-15;1;1;4145.0;10060
10379;2023-04-15;1;3;2890.0;10069
10380;2023-04-15;1;2;2250.0;10074
10381;2023-04-15;2;4;7560.0;10071
10382;2023-04-15;1;5;3845.0;10076
10384;2023-04-15;1;5;4190.0;10067
10389;2023-04-15;2;4;4245.0;10036
10386;2023-04-15;2;4;3650.0;10073
10387;2023-04-15;1;3;4255.0;10081
10388;2023-04-15;2;4;10660.0;10064
10391;2023-04-15;2;4;2545.0;10072
10378;2023-04-15;1;4;4280.0;10086
10385;2023-04-15;2;4;6720.0;10084
10377;2023-04-15;1;2;1275.0;10083
10390;2023-04-15;2;2;11485.0;10051
10375;2023-04-15;1;3;3655.0;10079
10376;2023-04-15;1;4;1790.0;10065
10362;2023-04-15;1;3;1315.0;10070
10363;2023-04-15;1;4;1360.0;10077
10364;2023-04-15;1;1;1620.0;10080
10366;2023-04-15;1;1;825.0;10082
10367;2023-04-15;1;1;3395.0;10078
10365;2023-04-15;1;1;4840.0;10085
10369;2023-04-15;1;2;2390.0;10066
10370;2023-04-15;1;1;1010.0;10035
10371;2023-04-15;1;1;3445.0;10068
10372;2023-04-15;1;3;3125.0;10312
10373;2023-04-15;1;2;3700.0;10313
10374;2023-04-15;1;4;1785.0;10314
10368;2023-04-15;1;3;4630.0;10315
10416;2023-04-16;1;2;525.0;10089
10411;2023-04-16;1;3;270.0;10088
10412;2023-04-16;1;3;1540.0;10105
10413;2023-04-16;1;2;4105.0;10092
10414;2023-04-16;1;4;5890.0;10106
10415;2023-04-16;1;4;4615.0;10098
10417;2023-04-16;1;3;1880.0;10099
10425;2023-04-16;1;3;310.0;10096
10419;2023-04-16;2;1;3980.0;10100
10420;2023-04-16;2;1;3620.0;10094
10421;2023-04-16;1;4;3105.0;10107
10422;2023-04-16;1;4;4435.0;10102
10423;2023-04-16;1;1;360.0;10090
10424;2023-04-16;1;3;810.0;10104
10410;2023-04-16;1;1;5670.0;10095
10418;2023-04-16;1;3;1960.0;10091
10409;2023-04-16;1;2;960.0;10097
10408;2023-04-16;1;4;960.0;10101
10407;2023-04-16;1;1;2455.0;10093
10393;2023-04-16;1;4;2870.0;10316
10394;2023-04-16;1;1;4190.0;10317
10395;2023-04-16;1;1;1890.0;10318
10396;2023-04-16;1;4;3185.0;10319
10397;2023-04-16;1;2;1985.0;10320
10398;2023-04-16;1;5;2980.0;10321
10399;2023-04-16;1;3;5085.0;10322
10392;2023-04-16;1;4;2175.0;10323
10401;2023-04-16;1;1;1485.0;10324
10402;2023-04-16;1;3;970.0;10325
10403;2023-04-16;1;3;1970.0;10326
10404;2023-04-16;1;3;5680.0;10327
10405;2023-04-16;1;5;4080.0;10328
10406;2023-04-16;1;4;1440.0;10329
10400;2023-04-16;1;1;4180.0;10330
10443;2023-04-17;1;4;3075.0;10120
10444;2023-04-17;1;4;1805.0;10119
10445;2023-04-17;1;1;2350.0;10125
10446;2023-04-17;2;4;9310.0;10126
10447;2023-04-17;1;3;3550.0;10122
10448;2023-04-17;1;4;310.0;10131
10452;2023-04-17;2;4;3520.0;10115
10450;2023-04-17;2;3;3860.0;10141
10451;2023-04-17;1;2;3090.0;10142
10453;2023-04-17;2;1;4875.0;10136
10454;2023-04-17;2;1;8895.0;10124
10455;2023-04-17;2;2;6945.0;10133
10442;2023-04-17;1;1;1450.0;10139
10456;2023-04-17;1;2;1130.0;10121
10441;2023-04-17;1;3;1940.0;10112
10449;2023-04-17;2;4;9080.0;10123
10439;2023-04-17;1;2;3015.0;10109
10440;2023-04-17;1;4;1140.0;10137
10426;2023-04-17;1;3;2310.0;10108
10427;2023-04-17;1;2;2840.0;10111
10428;2023-04-17;1;4;3830.0;10116
10430;2023-04-17;1;3;3135.0;10118
10431;2023-04-17;1;5;2550.0;10129
10429;2023-04-17;1;4;3665.0;10114
10433;2023-04-17;1;1;4190.0;10117
10434;2023-04-17;1;2;1910.0;10140
10435;2023-04-17;1;2;1240.0;10138
10436;2023-04-17;1;4;895.0;10135
10437;2023-04-17;1;1;1030.0;10110
10438;2023-04-17;1;1;1180.0;10331
10432;2023-04-17;1;5;480.0;10332
10477;2023-04-18;1;1;2150.0;10174
10473;2023-04-18;1;5;3635.0;10157
10474;2023-04-18;1;3;3395.0;10176
10475;2023-04-18;1;2;2545.0;10147
10476;2023-04-18;2;3;8135.0;10165
10478;2023-04-18;2;3;7000.0;10172
10485;2023-04-18;2;1;4085.0;10155
10480;2023-04-18;2;2;7040.0;10152
10481;2023-04-18;1;4;690.0;10162
10483;2023-04-18;2;2;7045.0;10164
10484;2023-04-18;1;1;2315.0;10159
10472;2023-04-18;1;4;3310.0;10150
10479;2023-04-18;2;2;1910.0;10173
10471;2023-04-18;1;2;4690.0;10156
10482;2023-04-18;1;2;2870.0;10166
10469;2023-04-18;1;4;2925.0;10144
10457;2023-04-18;1;5;2675.0;10143
10470;2023-04-18;1;3;2065.0;10149
10459;2023-04-18;1;1;1230.0;10146
10460;2023-04-18;1;1;3855.0;10145
10461;2023-04-18;1;2;2270.0;10153
10462;2023-04-18;1;5;1250.0;10167
10458;2023-04-18;1;2;4390.0;10169
10464;2023-04-18;1;5;3110.0;10171
10465;2023-04-18;1;4;1350.0;10168
10466;2023-04-18;1;4;2450.0;10161
10467;2023-04-18;1;3;955.0;10148
10468;2023-04-18;1;5;2070.0;10170
10463;2023-04-18;1;4;3340.0;10160
10506;2023-04-19;2;5;3450.0;10198
10505;2023-04-19;2;4;11145.0;10200
10504;2023-04-19;1;1;1540.0;10199
10503;2023-04-19;2;5;3670.0;10182
10502;2023-04-19;2;5;5805.0;10191
10501;2023-04-19;1;2;2090.0;10181
10500;2023-04-19;1;3;2675.0;10189
10499;2023-04-19;1;5;715.0;10195
10498;2023-04-19;1;4;2460.0;10178
10496;2023-04-19;1;5;830.0;10186
10497;2023-04-19;1;5;2240.0;10202
10494;2023-04-19;1;4;610.0;10177
10495;2023-04-19;1;2;1920.0;10183
10487;2023-04-19;1;5;5335.0;10179
10488;2023-04-19;1;1;1110.0;10194
10489;2023-04-19;1;2;2415.0;10197
10486;2023-04-19;1;2;3315.0;10190
10491;2023-04-19;1;4;1110.0;10180
10492;2023-04-19;1;2;2445.0;10192
10493;2023-04-19;1;2;3990.0;10201
10490;2023-04-19;1;2;715.0;10196
10530;2023-04-20;1;3;5320.0;10214
10525;2023-04-20;1;5;4045.0;10218
10526;2023-04-20;1;3;4295.0;10210
10527;2023-04-20;1;4;2690.0;10219
10528;2023-04-20;1;1;4420.0;10213
10529;2023-04-20;1;5;2860.0;10207
10531;2023-04-20;1;2;3305.0;10208
10536;2023-04-20;2;4;7165.0;10187
10533;2023-04-20;1;2;2630.0;10224
10534;2023-04-20;2;4;7440.0;10204
10535;2023-04-20;2;3;6230.0;10206
10537;2023-04-20;1;1;3155.0;10216
10539;2023-04-20;1;1;3135.0;10184
10524;2023-04-20;1;3;4640.0;10221
10532;2023-04-20;1;5;3740.0;10223
10523;2023-04-20;1;1;1145.0;10209
10538;2023-04-20;1;2;1590.0;10215
10521;2023-04-20;1;3;2410.0;10220
10507;2023-04-20;1;3;4400.0;10185
10522;2023-04-20;1;4;2540.0;10211
10508;2023-04-20;1;5;1355.0;10333
10509;2023-04-20;1;1;1730.0;10334
10511;2023-04-20;1;5;2270.0;10335
10512;2023-04-20;1;3;1690.0;10336
10513;2023-04-20;1;5;5085.0;10337
10510;2023-04-20;1;1;2395.0;10338
10515;2023-04-20;1;4;3390.0;10339
10516;2023-04-20;1;4;3010.0;10340
10517;2023-04-20;1;3;3270.0;10341
10518;2023-04-20;1;2;230.0;10342
10519;2023-04-20;1;3;2470.0;10343
10520;2023-04-20;1;2;1660.0;10344
10514;2023-04-20;1;3;3520.0;10345
10565;2023-04-21;1;1;5295.0;10244
10560;2023-04-21;1;2;390.0;10233
10561;2023-04-21;1;4;3920.0;10232
10562;2023-04-21;1;5;2220.0;10234
10563;2023-04-21;1;2;4340.0;10245
10564;2023-04-21;1;3;2310.0;10242
10566;2023-04-21;1;4;3580.0;10229
10574;2023-04-21;2;1;4030.0;10230
10568;2023-04-21;1;1;1480.0;10226
10569;2023-04-21;2;2;9230.0;10239
10570;2023-04-21;1;2;1110.0;10236
10571;2023-04-21;1;5;2725.0;10235
10572;2023-04-21;1;1;2555.0;10227
10573;2023-04-21;1;4;5155.0;10237
10559;2023-04-21;1;4;2640.0;10231
10567;2023-04-21;2;4;7735.0;10246
10558;2023-04-21;1;4;2765.0;10240
10557;2023-04-21;1;1;2525.0;10225
10556;2023-04-21;1;4;2610.0;10243
10541;2023-04-21;1;1;1630.0;10238
10542;2023-04-21;1;4;875.0;10228
10543;2023-04-21;1;1;3450.0;10241
10544;2023-04-21;1;5;620.0;10346
10545;2023-04-21;1;3;3190.0;10347
10546;2023-04-21;1;4;3570.0;10348
10547;2023-04-21;1;3;2575.0;10349
10540;2023-04-21;1;3;3200.0;10350
10549;2023-04-21;1;1;765.0;10351
10550;2023-04-21;1;3;5370.0;10352
10551;2023-04-21;1;5;1980.0;10353
10552;2023-04-21;1;4;1660.0;10354
10553;2023-04-21;1;3;320.0;10355
10554;2023-04-21;1;3;1925.0;10356
10555;2023-04-21;1;1;3490.0;10357
10548;2023-04-21;1;3;860.0;10358
10595;2023-04-22;1;4;3090.0;10267
10596;2023-04-22;1;1;2340.0;10264
10597;2023-04-22;1;1;170.0;10255
10598;2023-04-22;1;4;3525.0;10251
10599;2023-04-22;2;4;6030.0;10266
10600;2023-04-22;1;3;4150.0;10257
10601;2023-04-22;1;2;3890.0;10263
10605;2023-04-22;2;5;7110.0;10250
10603;2023-04-22;2;4;2875.0;10262
10604;2023-04-22;2;1;11330.0;10247
10606;2023-04-22;2;1;3310.0;10253
10607;2023-04-22;1;5;1980.0;10248
10608;2023-04-22;2;1;9715.0;10259
10609;2023-04-22;1;1;730.0;10268
10594;2023-04-22;1;1;300.0;10249
10602;2023-04-22;2;3;6755.0;10256
10593;2023-04-22;1;2;1190.0;10254
10584;2023-04-22;1;1;3245.0;10252
10591;2023-04-22;1;2;4465.0;10261
10592;2023-04-22;1;5;2565.0;10258
10575;2023-04-22;1;4;2800.0;10359
10576;2023-04-22;1;2;3585.0;10360
10578;2023-04-22;1;1;4240.0;10361
10579;2023-04-22;1;1;2140.0;10362
10580;2023-04-22;1;3;2125.0;10363
10581;2023-04-22;1;1;1610.0;10364
10582;2023-04-22;1;2;700.0;10365
10577;2023-04-22;1;5;1540.0;10366
10585;2023-04-22;1;2;2000.0;10367
10586;2023-04-22;1;5;1635.0;10368
10587;2023-04-22;1;1;4050.0;10369
10590;2023-04-22;1;2;3495.0;10370
10588;2023-04-22;1;2;5515.0;10371
10589;2023-04-22;1;2;3590.0;10372
10583;2023-04-22;1;5;3500.0;10373
10634;2023-04-23;1;2;1510.0;10284
10625;2023-04-23;1;2;2975.0;10273
10626;2023-04-23;2;5;7755.0;10274
10627;2023-04-23;2;1;1940.0;10278
10628;2023-04-23;2;3;8330.0;10271
10631;2023-04-23;2;3;11335.0;10289
10630;2023-04-23;2;3;2555.0;10282
10632;2023-04-23;1;3;3875.0;10272
10633;2023-04-23;2;4;13010.0;10290
10624;2023-04-23;1;5;190.0;10277
10629;2023-04-23;2;1;7835.0;10279
10623;2023-04-23;1;4;1315.0;10288
10619;2023-04-23;1;5;895.0;10283
10621;2023-04-23;1;5;1050.0;10287
10620;2023-04-23;1;1;2560.0;10281
10618;2023-04-23;1;4;1430.0;10286
10617;2023-04-23;1;1;2305.0;10275
10616;2023-04-23;1;1;3590.0;10280
10615;2023-04-23;1;3;4455.0;10276
10614;2023-04-23;1;1;1940.0;10285
10613;2023-04-23;1;3;730.0;10374
10612;2023-04-23;1;4;320.0;10375
10611;2023-04-23;1;5;3085.0;10376
10610;2023-04-23;1;5;1990.0;10377
10622;2023-04-23;1;4;3470.0;10378
10649;2023-04-24;1;5;2555.0;10305
10650;2023-04-24;1;3;2560.0;10298
10651;2023-04-24;1;5;1635.0;10291
10652;2023-04-24;1;3;2980.0;10294
10648;2023-04-24;1;2;2605.0;10306
10654;2023-04-24;2;1;6245.0;10295
10655;2023-04-24;1;3;820.0;10310
10657;2023-04-24;1;1;2625.0;10292
10658;2023-04-24;1;2;1200.0;10301
10653;2023-04-24;2;2;6905.0;10303
10647;2023-04-24;1;3;880.0;10308
10656;2023-04-24;2;4;5215.0;10304
10645;2023-04-24;1;4;840.0;10311
10635;2023-04-24;1;5;4400.0;10302
10636;2023-04-24;1;1;3670.0;10293
10646;2023-04-24;1;5;4085.0;10296
10638;2023-04-24;1;1;250.0;10379
10639;2023-04-24;1;3;3020.0;10380
10637;2023-04-24;1;3;1815.0;10381
10641;2023-04-24;1;3;540.0;10382
10642;2023-04-24;1;1;2490.0;10383
10643;2023-04-24;1;5;1850.0;10384
10644;2023-04-24;1;1;1500.0;10385
10640;2023-04-24;1;3;3290.0;10386
10679;2023-04-25;2;3;4065.0;10030
10676;2023-04-25;1;4;1830.0;10015
10677;2023-04-25;1;4;2490.0;10026
10678;2023-04-25;1;1;1505.0;10007
10680;2023-04-25;2;4;7975.0;10020
10686;2023-04-25;2;1;9735.0;10031
10682;2023-04-25;1;3;3530.0;10023
10683;2023-04-25;2;1;9120.0;10009
10684;2023-04-25;1;1;3730.0;10012
10685;2023-04-25;1;5;3120.0;10004
10675;2023-04-25;1;3;2185.0;10018
10681;2023-04-25;1;4;2190.0;10013
10674;2023-04-25;1;3;1215.0;10008
10673;2023-04-25;1;4;970.0;10028
10659;2023-04-25;1;2;2465.0;10002
10672;2023-04-25;1;4;2540.0;10016
10660;2023-04-25;1;5;1560.0;10017
10661;2023-04-25;1;4;3440.0;10019
10662;2023-04-25;1;1;1170.0;10010
10664;2023-04-25;1;2;1820.0;10006
10665;2023-04-25;1;3;1840.0;10021
10663;2023-04-25;1;1;540.0;10000
10667;2023-04-25;1;1;2490.0;10387
10668;2023-04-25;1;1;3200.0;10388
10669;2023-04-25;1;4;2305.0;10389
10670;2023-04-25;1;3;2900.0;10390
10671;2023-04-25;1;1;3685.0;10391
10666;2023-04-25;1;3;3415.0;10392
10707;2023-04-26;1;2;2390.0;10063
10703;2023-04-26;1;5;1060.0;10041
10704;2023-04-26;1;5;320.0;10042
10705;2023-04-26;1;2;2960.0;10047
10706;2023-04-26;1;4;3580.0;10053
10708;2023-04-26;1;4;2400.0;10049
10702;2023-04-26;1;4;1950.0;10044
10710;2023-04-26;2;3;3625.0;10014
10711;2023-04-26;2;1;4270.0;10059
10712;2023-04-26;1;4;1750.0;10043
10713;2023-04-26;1;1;5055.0;10048
10714;2023-04-26;2;5;6670.0;10058
10709;2023-04-26;1;4;1650.0;10056
10701;2023-04-26;1;1;4230.0;10050
10688;2023-04-26;1;2;3625.0;10001
10699;2023-04-26;1;4;1085.0;10057
10700;2023-04-26;1;5;990.0;10046
10687;2023-04-26;1;2;1900.0;10054
10689;2023-04-26;1;5;485.0;10039
10691;2023-04-26;1;4;2375.0;10393
10692;2023-04-26;1;2;1000.0;10394
10690;2023-04-26;1;5;3015.0;10395
10694;2023-04-26;1;2;490.0;10396
10695;2023-04-26;1;4;1995.0;10397
10696;2023-04-26;1;5;540.0;10398
10697;2023-04-26;1;1;1180.0;10399
10698;2023-04-26;1;5;3770.0;10400
10693;2023-04-26;1;5;1670.0;10401
10738;2023-04-27;1;1;2640.0;10067
10733;2023-04-27;1;5;3555.0;10080
10734;2023-04-27;1;3;1870.0;10072
10735;2023-04-27;1;4;1745.0;10085
10736;2023-04-27;1;3;2130.0;10074
10737;2023-04-27;1;1;1670.0;10065
10739;2023-04-27;1;4;3970.0;10035
10744;2023-04-27;1;3;1380.0;10066
10741;2023-04-27;2;1;3075.0;10315
10742;2023-04-27;2;4;2060.0;10068
10746;2023-04-27;1;2;700.0;10079
10743;2023-04-27;2;4;8860.0;10071
10745;2023-04-27;2;2;3320.0;10036
10732;2023-04-27;1;4;1770.0;10069
10740;2023-04-27;1;5;3450.0;10084
10731;2023-04-27;1;3;3870.0;10314
10718;2023-04-27;1;1;285.0;10083
10729;2023-04-27;1;2;630.0;10070
10730;2023-04-27;1;1;590.0;10077
10715;2023-04-27;1;2;3300.0;10086
10716;2023-04-27;1;5;810.0;10060
10717;2023-04-27;1;1;2650.0;10051
10720;2023-04-27;1;3;520.0;10082
10721;2023-04-27;1;3;3680.0;10313
10719;2023-04-27;1;1;4100.0;10078
10723;2023-04-27;1;1;4055.0;10312
10724;2023-04-27;1;2;1390.0;10081
10725;2023-04-27;1;5;2640.0;10402
10726;2023-04-27;1;5;2280.0;10403
10727;2023-04-27;1;5;510.0;10404
10728;2023-04-27;1;2;2720.0;10405
10722;2023-04-27;1;1;2510.0;10406
10770;2023-04-28;1;1;4695.0;10328
10766;2023-04-28;1;2;3350.0;10321
10767;2023-04-28;1;3;1710.0;10097
10768;2023-04-28;2;4;6495.0;10107
10769;2023-04-28;1;1;2120.0;10320
10771;2023-04-28;2;1;7700.0;10330
10778;2023-04-28;1;2;2960.0;10322
10773;2023-04-28;1;4;2320.0;10088
10774;2023-04-28;2;3;4615.0;10101
10775;2023-04-28;1;1;4045.0;10094
10776;2023-04-28;2;1;2620.0;10098
10777;2023-04-28;2;1;6090.0;10099
10765;2023-04-28;1;1;1140.0;10091
10779;2023-04-28;2;2;8080.0;10092
10772;2023-04-28;2;5;8285.0;10102
10764;2023-04-28;1;1;2240.0;10100
10760;2023-04-28;1;3;2465.0;10089
10762;2023-04-28;1;3;2285.0;10093
10747;2023-04-28;1;5;1020.0;10329
10748;2023-04-28;1;3;2685.0;10316
10763;2023-04-28;1;3;1000.0;10324
10750;2023-04-28;1;4;550.0;10096
10751;2023-04-28;1;5;3660.0;10104
10752;2023-04-28;1;1;1690.0;10318
10753;2023-04-28;1;4;2575.0;10090
10749;2023-04-28;1;1;3175.0;10323
10755;2023-04-28;1;1;2940.0;10095
10756;2023-04-28;1;2;2845.0;10105
10757;2023-04-28;1;2;3185.0;10319
10758;2023-04-28;1;5;730.0;10327
10759;2023-04-28;1;4;2355.0;10326
10761;2023-04-28;1;5;490.0;10407
10754;2023-04-28;1;2;1330.0;10408
10793;2023-04-29;1;3;4330.0;10110
10794;2023-04-29;1;5;2295.0;10133
10795;2023-04-29;1;3;3185.0;10129
10796;2023-04-29;1;1;130.0;10120
10799;2023-04-29;1;4;385.0;10141
10798;2023-04-29;2;4;2270.0;10108
10801;2023-04-29;2;5;10830.0;10114
10792;2023-04-29;1;2;3295.0;10126
10797;2023-04-29;1;4;1980.0;10125
10791;2023-04-29;1;1;380.0;10137
10800;2023-04-29;2;2;7505.0;10331
10789;2023-04-29;1;4;1920.0;10117
10780;2023-04-29;1;4;1740.0;10136
10781;2023-04-29;1;4;5015.0;10135
10782;2023-04-29;1;4;1520.0;10131
10783;2023-04-29;1;3;2610.0;10122
10790;2023-04-29;1;5;950.0;10139
10785;2023-04-29;1;1;1580.0;10118
10786;2023-04-29;1;5;1390.0;10112
10787;2023-04-29;1;4;4645.0;10140
10788;2023-04-29;1;5;5495.0;10121
10784;2023-04-29;1;3;1460.0;10109
10813;2023-04-30;1;2;2845.0;10147
10822;2023-04-30;2;5;7235.0;10176
10821;2023-04-30;1;5;3155.0;10150
10820;2023-04-30;2;2;5995.0;10164
10819;2023-04-30;1;4;2050.0;10166
10818;2023-04-30;1;2;3060.0;10146
10817;2023-04-30;1;5;2160.0;10161
10816;2023-04-30;1;5;3365.0;10152
10815;2023-04-30;1;5;3885.0;10143
10812;2023-04-30;1;4;790.0;10168
10814;2023-04-30;1;2;2510.0;10144
10810;2023-04-30;1;2;2890.0;10162
10811;2023-04-30;1;5;4550.0;10159
10802;2023-04-30;1;5;2380.0;10165
10804;2023-04-30;1;5;1360.0;10148
10805;2023-04-30;1;1;2255.0;10174
10803;2023-04-30;1;3;850.0;10167
10807;2023-04-30;1;4;4210.0;10173
10808;2023-04-30;1;4;3690.0;10160
10809;2023-04-30;1;3;1670.0;10171
10806;2023-04-30;1;2;4530.0;10170
10847;2023-05-01;2;4;4610.0;10157
10843;2023-05-01;1;5;2200.0;10181
10844;2023-05-01;1;5;1750.0;10194
10842;2023-05-01;1;1;3010.0;10179
10845;2023-05-01;1;5;2590.0;10183
10846;2023-05-01;1;4;1260.0;10195
10848;2023-05-01;1;1;3285.0;10197
10853;2023-05-01;2;2;11770.0;10196
10850;2023-05-01;1;2;1900.0;10177
10851;2023-05-01;1;1;3200.0;10200
10852;2023-05-01;2;3;6095.0;10190
10854;2023-05-01;2;3;8415.0;10186
10855;2023-05-01;2;1;10815.0;10149
10841;2023-05-01;1;3;2435.0;10192
10849;2023-05-01;1;4;4175.0;10202
10840;2023-05-01;1;2;410.0;10201
10830;2023-05-01;1;3;755.0;10180
10838;2023-05-01;1;5;2000.0;10191
10839;2023-05-01;1;5;3590.0;10182
10824;2023-05-01;1;2;2810.0;10189
10825;2023-05-01;1;2;3530.0;10199
10826;2023-05-01;1;2;2945.0;10409
10827;2023-05-01;1;1;2640.0;10410
10828;2023-05-01;1;4;2620.0;10411
10829;2023-05-01;1;3;1440.0;10412
10823;2023-05-01;1;5;2840.0;10413
10831;2023-05-01;1;5;1815.0;10414
10832;2023-05-01;1;4;3035.0;10415
10833;2023-05-01;1;2;2710.0;10416
10834;2023-05-01;1;3;4210.0;10417
10835;2023-05-01;1;4;1860.0;10418
10836;2023-05-01;1;1;2985.0;10419
10837;2023-05-01;1;2;3155.0;10420
10874;2023-05-02;1;4;430.0;10213
10875;2023-05-02;1;4;3100.0;10214
10876;2023-05-02;1;5;2130.0;10209
10877;2023-05-02;1;2;1710.0;10204
10878;2023-05-02;1;4;2855.0;10342
10879;2023-05-02;2;1;7645.0;10343
10883;2023-05-02;1;1;1720.0;10219
10881;2023-05-02;2;5;7715.0;10220
10882;2023-05-02;1;1;515.0;10335
10873;2023-05-02;1;4;200.0;10336
10884;2023-05-02;2;3;9980.0;10185
10885;2023-05-02;1;2;840.0;10184
10886;2023-05-02;1;3;520.0;10345
10880;2023-05-02;2;4;4875.0;10207
10872;2023-05-02;1;1;1700.0;10211
10857;2023-05-02;1;2;4440.0;10339
10870;2023-05-02;1;2;2550.0;10187
10856;2023-05-02;1;5;1635.0;10344
10871;2023-05-02;1;5;3085.0;10340
10858;2023-05-02;1;3;1790.0;10210
10859;2023-05-02;1;4;2885.0;10206
10860;2023-05-02;1;1;1490.0;10218
10862;2023-05-02;1;4;265.0;10337
10861;2023-05-02;1;3;2220.0;10208
10864;2023-05-02;1;1;3995.0;10216
10865;2023-05-02;1;4;3080.0;10421
10866;2023-05-02;1;4;1320.0;10422
10867;2023-05-02;1;5;295.0;10423
10868;2023-05-02;1;5;1360.0;10424
10869;2023-05-02;1;2;395.0;10425
10863;2023-05-02;1;1;3900.0;10426
10905;2023-05-03;1;4;1250.0;10240
10902;2023-05-03;1;2;4775.0;10241
10903;2023-05-03;1;2;950.0;10246
10904;2023-05-03;1;2;4395.0;10238
10906;2023-05-03;1;2;2835.0;10243
10913;2023-05-03;1;4;6340.0;10239
10908;2023-05-03;1;2;1600.0;10231
10909;2023-05-03;1;4;4265.0;10354
10910;2023-05-03;1;1;2925.0;10234
10911;2023-05-03;1;4;2125.0;10235
10912;2023-05-03;2;4;2030.0;10236
10907;2023-05-03;1;5;240.0;10350
10901;2023-05-03;1;1;820.0;10356
10898;2023-05-03;1;4;620.0;10353
10899;2023-05-03;1;4;2285.0;10244
10900;2023-05-03;1;2;1970.0;10245
10888;2023-05-03;1;5;720.0;10230
10889;2023-05-03;1;2;1210.0;10237
10890;2023-05-03;1;4;1120.0;10346
10891;2023-05-03;1;4;1120.0;10229
10887;2023-05-03;1;4;3160.0;10227
10893;2023-05-03;1;3;3675.0;10228
10894;2023-05-03;1;4;4020.0;10351
10895;2023-05-03;1;3;1900.0;10358
10896;2023-05-03;1;1;3260.0;10225
10897;2023-05-03;1;1;2400.0;10226
10892;2023-05-03;1;4;1035.0;10352
10927;2023-05-04;1;5;3105.0;10267
10928;2023-05-04;1;2;1260.0;10261
10929;2023-05-04;1;2;3420.0;10366
10930;2023-05-04;1;2;2650.0;10257
10933;2023-05-04;2;3;5360.0;10362
10932;2023-05-04;2;3;1470.0;10254
10936;2023-05-04;1;5;3040.0;10233
10935;2023-05-04;2;3;2250.0;10258
10926;2023-05-04;1;1;150.0;10368
10931;2023-05-04;1;3;2455.0;10248
10925;2023-05-04;1;3;1350.0;10371
10934;2023-05-04;1;4;965.0;10250
10923;2023-05-04;1;5;1950.0;10355
10924;2023-05-04;1;4;3530.0;10268
10914;2023-05-04;1;3;820.0;10255
10916;2023-05-04;1;3;5090.0;10249
10917;2023-05-04;1;3;1090.0;10262
10915;2023-05-04;1;5;1220.0;10357
10919;2023-05-04;1;1;290.0;10256
10920;2023-05-04;1;5;3810.0;10360
10921;2023-05-04;1;4;4065.0;10263
10922;2023-05-04;1;5;2585.0;10361
10918;2023-05-04;1;3;900.0;10253
10961;2023-05-05;1;4;3005.0;10376
10955;2023-05-05;1;5;120.0;10359
10957;2023-05-05;1;4;840.0;10288
10958;2023-05-05;1;4;5025.0;10278
10959;2023-05-05;1;1;4420.0;10282
10960;2023-05-05;1;1;3890.0;10252
10962;2023-05-05;1;2;920.0;10377
10967;2023-05-05;2;5;11050.0;10251
10964;2023-05-05;1;2;3950.0;10242
10965;2023-05-05;1;2;2460.0;10277
10966;2023-05-05;1;3;4045.0;10286
10954;2023-05-05;1;5;1430.0;10290
10968;2023-05-05;2;4;2545.0;10378
10969;2023-05-05;1;1;3600.0;10285
10963;2023-05-05;2;2;6595.0;10370
10953;2023-05-05;1;5;2170.0;10372
10956;2023-05-05;1;2;3465.0;10289
10951;2023-05-05;1;5;1930.0;10347
10952;2023-05-05;1;3;3515.0;10364
10937;2023-05-05;1;3;670.0;10369
10938;2023-05-05;1;1;1770.0;10279
10939;2023-05-05;1;5;3350.0;10259
10940;2023-05-05;1;2;1995.0;10374
10942;2023-05-05;1;2;4090.0;10365
10943;2023-05-05;1;2;900.0;10247
10941;2023-05-05;1;4;2480.0;10280
10945;2023-05-05;1;4;1190.0;10375
10946;2023-05-05;1;4;2545.0;10271
10947;2023-05-05;1;2;2030.0;10281
10948;2023-05-05;1;5;2700.0;10287
10949;2023-05-05;1;2;1180.0;10284
10950;2023-05-05;1;3;4960.0;10264
10944;2023-05-05;1;2;2660.0;10283
10994;2023-05-06;1;2;3805.0;10275
10989;2023-05-06;1;5;4355.0;10381
10990;2023-05-06;1;4;2995.0;10296
10991;2023-05-06;1;4;4880.0;10304
10992;2023-05-06;1;3;1310.0;10292
10993;2023-05-06;1;5;1790.0;10380
10995;2023-05-06;1;3;4380.0;10308
11003;2023-05-06;2;2;5370.0;10386
10997;2023-05-06;2;2;8960.0;10291
10998;2023-05-06;2;3;3670.0;10310
10999;2023-05-06;2;1;7190.0;10311
11000;2023-05-06;2;5;8870.0;10305
11004;2023-05-06;1;2;5220.0;10383
11002;2023-05-06;2;5;4415.0;10274
10988;2023-05-06;1;2;4155.0;10294
10996;2023-05-06;2;5;3930.0;10385
10987;2023-05-06;1;4;240.0;10306
11001;2023-05-06;2;1;8925.0;10295
10985;2023-05-06;1;5;2130.0;10384
10986;2023-05-06;1;3;3710.0;10382
10970;2023-05-06;1;4;3560.0;10298
10972;2023-05-06;1;3;3870.0;10302
10973;2023-05-06;1;1;4220.0;10379
10974;2023-05-06;1;4;2290.0;10427
10975;2023-05-06;1;2;3735.0;10428
10976;2023-05-06;1;1;1160.0;10429
10971;2023-05-06;1;5;3015.0;10430
10978;2023-05-06;1;1;5060.0;10431
10979;2023-05-06;1;1;1285.0;10432
10980;2023-05-06;1;3;1920.0;10433
10981;2023-05-06;1;1;2760.0;10434
10982;2023-05-06;1;3;1810.0;10435
10983;2023-05-06;1;2;2300.0;10436
10984;2023-05-06;1;4;4740.0;10437
10977;2023-05-06;1;5;560.0;10438
11019;2023-05-07;1;2;4100.0;10006
11020;2023-05-07;1;1;1945.0;10015
11021;2023-05-07;1;1;325.0;10392
11022;2023-05-07;2;5;8360.0;10013
11023;2023-05-07;1;5;2310.0;10023
11027;2023-05-07;2;4;2280.0;10016
11025;2023-05-07;1;3;1000.0;10010
11026;2023-05-07;1;1;1960.0;10389
11028;2023-05-07;2;5;6365.0;10008
11018;2023-05-07;1;3;380.0;10391
11024;2023-05-07;1;5;2225.0;10390
11017;2023-05-07;1;4;2855.0;10026
11016;2023-05-07;1;3;3230.0;10031
11015;2023-05-07;1;5;1250.0;10028
11005;2023-05-07;1;1;2885.0;10004
11006;2023-05-07;1;1;1825.0;10018
11008;2023-05-07;1;2;2640.0;10012
11009;2023-05-07;1;3;1570.0;10002
11007;2023-05-07;1;5;2965.0;10009
11011;2023-05-07;1;1;410.0;10387
11012;2023-05-07;1;1;1840.0;10019
11013;2023-05-07;1;5;2400.0;10020
11014;2023-05-07;1;4;2900.0;10030
11010;2023-05-07;1;2;1900.0;10439
11052;2023-05-08;1;3;2805.0;10063
11047;2023-05-08;1;3;3800.0;10043
11048;2023-05-08;1;2;4435.0;10050
11049;2023-05-08;1;4;2930.0;10053
11050;2023-05-08;1;5;400.0;10394
11051;2023-05-08;1;3;4735.0;10056
11053;2023-05-08;1;1;3170.0;10058
11057;2023-05-08;2;4;4520.0;10049
11055;2023-05-08;2;2;6915.0;10048
11056;2023-05-08;1;4;750.0;10398
11060;2023-05-08;2;3;8855.0;10400
11046;2023-05-08;1;2;2340.0;10047
11058;2023-05-08;1;3;3310.0;10059
11059;2023-05-08;1;1;2450.0;10397
11054;2023-05-08;2;4;4090.0;10014
11045;2023-05-08;1;3;4700.0;10054
11032;2023-05-08;1;5;3760.0;10001
11043;2023-05-08;1;4;1765.0;10044
11044;2023-05-08;1;5;670.0;10041
11029;2023-05-08;1;2;5265.0;10042
11030;2023-05-08;1;1;1285.0;10396
11031;2023-05-08;1;1;2080.0;10401
11034;2023-05-08;1;1;2885.0;10395
11035;2023-05-08;1;5;2775.0;10393
11033;2023-05-08;1;1;3030.0;10046
11037;2023-05-08;1;2;3320.0;10440
11038;2023-05-08;1;3;230.0;10441
11039;2023-05-08;1;2;2800.0;10442
11040;2023-05-08;1;3;970.0;10443
11041;2023-05-08;1;5;930.0;10444
11042;2023-05-08;1;3;3150.0;10445
11036;2023-05-08;1;2;1780.0;10446
11085;2023-05-09;1;5;1820.0;10405
11080;2023-05-09;1;3;4505.0;10083
11081;2023-05-09;1;1;335.0;10312
11082;2023-05-09;1;4;2600.0;10067
11083;2023-05-09;1;2;4160.0;10081
11084;2023-05-09;1;4;1300.0;10078
11086;2023-05-09;1;4;1045.0;10051
11094;2023-05-09;1;1;4140.0;10404
11088;2023-05-09;1;3;1295.0;10070
11089;2023-05-09;1;5;1165.0;10066
11090;2023-05-09;2;1;5530.0;10079
11091;2023-05-09;2;5;5940.0;10035
11092;2023-05-09;2;1;7255.0;10068
11093;2023-05-09;1;5;3240.0;10085
11079;2023-05-09;1;5;3035.0;10082
11087;2023-05-09;1;1;4300.0;10072
11078;2023-05-09;1;3;290.0;10086
11072;2023-05-09;1;3;4930.0;10084
11076;2023-05-09;1;2;2945.0;10077
11061;2023-05-09;1;4;4235.0;10069
11062;2023-05-09;1;4;5505.0;10314
11064;2023-05-09;1;1;5630.0;10071
11065;2023-05-09;1;5;2650.0;10315
11066;2023-05-09;1;4;1940.0;10074
11067;2023-05-09;1;1;1705.0;10065
11068;2023-05-09;1;5;3305.0;10313
11063;2023-05-09;1;1;1510.0;10447
11070;2023-05-09;1;2;755.0;10448
11071;2023-05-09;1;5;2460.0;10449
11077;2023-05-09;1;5;2105.0;10450
11073;2023-05-09;1;3;4000.0;10451
11074;2023-05-09;1;1;3770.0;10452
11075;2023-05-09;1;2;1480.0;10453
11069;2023-05-09;1;1;1445.0;10454
11109;2023-05-10;1;4;2950.0;10094
11110;2023-05-10;1;1;1270.0;10093
11111;2023-05-10;1;4;360.0;10318
11112;2023-05-10;2;5;7995.0;10322
11113;2023-05-10;1;2;1895.0;10102
11116;2023-05-10;1;1;3460.0;10328
11115;2023-05-10;1;3;1750.0;10323
11117;2023-05-10;2;2;4765.0;10100
11118;2023-05-10;2;4;2420.0;10324
11108;2023-05-10;1;1;3485.0;10320
11114;2023-05-10;2;5;8740.0;10090
11107;2023-05-10;1;4;2810.0;10327
11106;2023-05-10;1;4;2005.0;10105
11105;2023-05-10;1;3;1290.0;10088
11095;2023-05-10;1;3;2675.0;10098
11096;2023-05-10;1;4;1310.0;10321
11098;2023-05-10;1;2;4280.0;10407
11099;2023-05-10;1;5;1970.0;10107
11097;2023-05-10;1;3;3430.0;10104
11101;2023-05-10;1;5;1015.0;10326
11102;2023-05-10;1;1;2190.0;10092
11103;2023-05-10;1;4;2080.0;10099
11104;2023-05-10;1;1;3425.0;10095
11100;2023-05-10;1;3;1110.0;10316
11144;2023-05-11;2;3;5840.0;10319
11139;2023-05-11;1;3;1150.0;10408
11140;2023-05-11;2;4;8520.0;10114
11141;2023-05-11;2;4;3830.0;10121
11142;2023-05-11;2;2;8805.0;10108
11143;2023-05-11;2;5;8965.0;10120
11145;2023-05-11;2;4;3780.0;10125
11150;2023-05-11;1;2;1000.0;10331
11147;2023-05-11;2;4;8775.0;10137
11148;2023-05-11;1;5;6840.0;10122
11149;2023-05-11;1;4;1070.0;10126
11138;2023-05-11;1;5;3610.0;10135
11151;2023-05-11;1;5;430.0;10117
11152;2023-05-11;1;2;1645.0;10110
11146;2023-05-11;1;4;490.0;10131
11137;2023-05-11;1;3;4465.0;10109
11136;2023-05-11;1;2;3370.0;10097
11121;2023-05-11;1;2;4535.0;10139
11119;2023-05-11;1;2;680.0;10118
11120;2023-05-11;1;2;2490.0;10141
11135;2023-05-11;1;2;1670.0;10140
11122;2023-05-11;1;5;1245.0;10096
11123;2023-05-11;1;4;670.0;10112
11124;2023-05-11;1;2;3845.0;10455
11126;2023-05-11;1;4;3560.0;10456
11125;2023-05-11;1;3;1420.0;10457
11128;2023-05-11;1;1;730.0;10458
11129;2023-05-11;1;1;2210.0;10459
11130;2023-05-11;1;3;3750.0;10460
11131;2023-05-11;1;5;1570.0;10461
11132;2023-05-11;1;5;3645.0;10462
11133;2023-05-11;1;4;2645.0;10463
11134;2023-05-11;1;1;90.0;10464
11127;2023-05-11;1;3;3550.0;10465
11171;2023-05-12;2;4;5495.0;10152
11168;2023-05-12;1;4;3865.0;10143
11169;2023-05-12;2;3;4800.0;10144
11170;2023-05-12;2;2;2000.0;10170
11172;2023-05-12;1;1;4770.0;10164
11164;2023-05-12;1;1;660.0;10165
11174;2023-05-12;2;3;6010.0;10147
11175;2023-05-12;2;5;10680.0;10167
11176;2023-05-12;2;3;7155.0;10166
11177;2023-05-12;2;1;10825.0;10161
11178;2023-05-12;1;2;2430.0;10150
11173;2023-05-12;2;4;9560.0;10146
11167;2023-05-12;1;4;1660.0;10176
11160;2023-05-12;1;1;2300.0;10171
11165;2023-05-12;1;1;490.0;10173
11153;2023-05-12;1;5;4470.0;10174
11154;2023-05-12;1;3;1580.0;10148
11155;2023-05-12;1;1;2895.0;10160
11166;2023-05-12;1;3;3680.0;10466
11157;2023-05-12;1;4;1275.0;10467
11156;2023-05-12;1;2;3080.0;10468
11159;2023-05-12;1;3;1990.0;10469
11161;2023-05-12;1;1;850.0;10470
11162;2023-05-12;1;1;2840.0;10471
11163;2023-05-12;1;3;2685.0;10472
11158;2023-05-12;1;4;2255.0;10473
11201;2023-05-13;2;2;8050.0;10189
11197;2023-05-13;1;4;2780.0;10182
11198;2023-05-13;1;1;1740.0;10192
11199;2023-05-13;1;3;1670.0;10418
11200;2023-05-13;1;1;2350.0;10412
11202;2023-05-13;2;5;4405.0;10199
11196;2023-05-13;1;3;2550.0;10420
11204;2023-05-13;1;5;2180.0;10202
11205;2023-05-13;1;3;3425.0;10191
11206;2023-05-13;1;1;1785.0;10177
11207;2023-05-13;1;4;2405.0;10149
11209;2023-05-13;1;1;2910.0;10419
11210;2023-05-13;1;1;1650.0;10157
11203;2023-05-13;2;4;8185.0;10417
11195;2023-05-13;1;4;1430.0;10416
11208;2023-05-13;1;3;2920.0;10190
11193;2023-05-13;1;1;5070.0;10197
11180;2023-05-13;1;5;3805.0;10196
11194;2023-05-13;1;4;830.0;10411
11181;2023-05-13;1;4;2800.0;10183
11182;2023-05-13;1;3;3115.0;10409
11183;2023-05-13;1;4;1740.0;10186
11184;2023-05-13;1;3;770.0;10200
11185;2023-05-13;1;5;3905.0;10195
11179;2023-05-13;1;4;2670.0;10201
11187;2023-05-13;1;1;890.0;10194
11188;2023-05-13;1;4;3905.0;10413
11189;2023-05-13;1;1;1465.0;10179
11190;2023-05-13;1;1;2255.0;10410
11191;2023-05-13;1;4;3125.0;10474
11192;2023-05-13;1;4;645.0;10475
11186;2023-05-13;1;3;3390.0;10476
11230;2023-05-14;1;4;1375.0;10208
11231;2023-05-14;1;4;2485.0;10345
11232;2023-05-14;2;1;3625.0;10187
11233;2023-05-14;1;3;2720.0;10337
11234;2023-05-14;1;1;510.0;10336
11235;2023-05-14;1;2;2115.0;10206
11236;2023-05-14;2;1;5620.0;10426
11239;2023-05-14;1;4;2730.0;10424
11238;2023-05-14;2;3;7310.0;10207
11240;2023-05-14;2;1;6880.0;10335
11241;2023-05-14;1;2;1470.0;10210
11242;2023-05-14;2;2;5930.0;10220
11243;2023-05-14;1;5;1300.0;10185
11229;2023-05-14;1;4;2770.0;10204
11237;2023-05-14;2;2;2310.0;10211
11228;2023-05-14;1;4;905.0;10213
11227;2023-05-14;1;1;2235.0;10218
11226;2023-05-14;1;5;1240.0;10219
11212;2023-05-14;1;5;3220.0;10216
11213;2023-05-14;1;2;1330.0;10209
11214;2023-05-14;1;3;1260.0;10184
11215;2023-05-14;1;2;4595.0;10342
11216;2023-05-14;1;1;1470.0;10340
11217;2023-05-14;1;2;3300.0;10344
11218;2023-05-14;1;5;1270.0;10421
11211;2023-05-14;1;3;1635.0;10477
11220;2023-05-14;1;3;2455.0;10478
11221;2023-05-14;1;3;2590.0;10479
11222;2023-05-14;1;3;900.0;10480
11223;2023-05-14;1;5;770.0;10481
11224;2023-05-14;1;1;2135.0;10482
11225;2023-05-14;1;4;1910.0;10483
11219;2023-05-14;1;3;1100.0;10484
11262;2023-05-15;1;1;1270.0;10245
11263;2023-05-15;1;1;910.0;10235
11264;2023-05-15;1;5;2585.0;10231
11265;2023-05-15;1;3;4555.0;10351
11276;2023-05-15;2;3;2840.0;10244
11267;2023-05-15;1;1;5600.0;10234
11268;2023-05-15;2;5;7990.0;10236
11271;2023-05-15;1;4;4720.0;10226
11270;2023-05-15;1;3;2120.0;10230
11272;2023-05-15;2;1;2890.0;10229
11273;2023-05-15;2;5;6725.0;10353
11274;2023-05-15;2;4;4320.0;10358
11275;2023-05-15;2;4;3740.0;10239
11261;2023-05-15;1;3;2235.0;10346
11269;2023-05-15;2;5;7530.0;10352
11260;2023-05-15;1;5;1090.0;10240
11266;2023-05-15;1;5;3190.0;10227
11258;2023-05-15;1;1;2480.0;10225
11259;2023-05-15;1;4;1615.0;10228
11244;2023-05-15;1;5;2775.0;10241
11246;2023-05-15;1;3;2890.0;10238
11247;2023-05-15;1;1;2710.0;10237
11248;2023-05-15;1;3;220.0;10243
11249;2023-05-15;1;5;1650.0;10485
11250;2023-05-15;1;1;2720.0;10486
11245;2023-05-15;1;2;1150.0;10487
11252;2023-05-15;1;4;2835.0;10488
11251;2023-05-15;1;5;1430.0;10489
11256;2023-05-15;1;3;4215.0;10490
11257;2023-05-15;1;5;1885.0;10491
11254;2023-05-15;1;1;1545.0;10492
11253;2023-05-15;1;2;2585.0;10493
11255;2023-05-15;1;3;2845.0;10494
11291;2023-05-16;1;3;3725.0;10366
11302;2023-05-16;1;3;1365.0;10268
11301;2023-05-16;2;5;3250.0;10368
11300;2023-05-16;1;4;2405.0;10371
11298;2023-05-16;2;1;4480.0;10249
11297;2023-05-16;1;5;3315.0;10361
11296;2023-05-16;1;5;860.0;10261
11295;2023-05-16;1;5;1540.0;10255
11294;2023-05-16;1;1;500.0;10250
11293;2023-05-16;1;5;295.0;10360
11292;2023-05-16;1;1;2750.0;10256
11290;2023-05-16;1;3;795.0;10263
11299;2023-05-16;1;4;2540.0;10257
11288;2023-05-16;1;4;610.0;10254
11278;2023-05-16;1;3;4670.0;10258
11279;2023-05-16;1;3;1410.0;10248
11280;2023-05-16;1;1;2720.0;10355
11281;2023-05-16;1;4;2810.0;10267
11282;2023-05-16;1;3;3010.0;10253
11277;2023-05-16;1;3;2030.0;10233
11284;2023-05-16;1;4;1810.0;10495
11285;2023-05-16;1;4;1680.0;10496
11286;2023-05-16;1;4;2125.0;10497
11287;2023-05-16;1;3;4795.0;10498
11283;2023-05-16;1;3;2220.0;10499
11289;2023-05-16;1;5;1550.0;10500
11314;2023-05-17;1;5;3840.0;10378
11323;2023-05-17;2;1;5880.0;10280
11322;2023-05-17;1;2;4585.0;10278
11321;2023-05-17;2;4;3515.0;10364
11320;2023-05-17;1;4;1640.0;10251
11319;2023-05-17;1;1;4280.0;10359
11318;2023-05-17;1;4;5565.0;10271
11317;2023-05-17;1;3;1520.0;10252
11316;2023-05-17;1;4;4815.0;10277
11315;2023-05-17;1;4;2840.0;10285
11313;2023-05-17;1;5;140.0;10282
11311;2023-05-17;1;4;4415.0;10374
11310;2023-05-17;1;4;1570.0;10375
11309;2023-05-17;1;5;2630.0;10372
11308;2023-05-17;1;5;3325.0;10287
11307;2023-05-17;1;1;520.0;10284
11306;2023-05-17;1;3;2745.0;10259
11305;2023-05-17;1;5;2640.0;10247
11304;2023-05-17;1;2;4110.0;10376
11303;2023-05-17;1;2;4510.0;10365
11312;2023-05-17;1;1;1975.0;10369
11340;2023-05-18;1;3;1205.0;10437
11341;2023-05-18;1;5;1360.0;10435
11342;2023-05-18;1;3;2640.0;10294
11343;2023-05-18;1;1;2625.0;10310
11344;2023-05-18;1;4;690.0;10430
11345;2023-05-18;1;3;680.0;10386
11351;2023-05-18;2;1;3275.0;10427
11347;2023-05-18;2;5;9955.0;10431
11349;2023-05-18;2;5;9940.0;10385
11350;2023-05-18;2;2;6720.0;10291
11352;2023-05-18;2;2;9040.0;10306
11339;2023-05-18;1;4;4330.0;10382
11346;2023-05-18;1;4;1080.0;10295
11338;2023-05-18;1;4;1020.0;10428
11348;2023-05-18;1;3;4330.0;10296
11336;2023-05-18;1;5;3430.0;10279
11324;2023-05-18;1;2;2035.0;10304
11325;2023-05-18;1;2;345.0;10384
11326;2023-05-18;1;1;1660.0;10381
11337;2023-05-18;1;4;1570.0;10281
11328;2023-05-18;1;4;1125.0;10432
11329;2023-05-18;1;5;1300.0;10311
11327;2023-05-18;1;4;345.0;10305
11331;2023-05-18;1;2;5280.0;10302
11332;2023-05-18;1;1;1690.0;10429
11333;2023-05-18;1;3;2895.0;10275
11334;2023-05-18;1;3;5040.0;10370
11335;2023-05-18;1;2;1100.0;10380
11330;2023-05-18;1;2;2030.0;10308
11377;2023-05-19;1;2;4210.0;10436
11372;2023-05-19;1;4;3530.0;10013
11373;2023-05-19;1;1;2340.0;10383
11374;2023-05-19;1;4;340.0;10016
11375;2023-05-19;1;5;1180.0;10028
11376;2023-05-19;1;1;2965.0;10015
11378;2023-05-19;1;4;3255.0;10242
11386;2023-05-19;1;1;2265.0;10009
11380;2023-05-19;1;2;3980.0;10377
11381;2023-05-19;2;5;3365.0;10002
11383;2023-05-19;1;2;2125.0;10026
11384;2023-05-19;2;5;2770.0;10288
11385;2023-05-19;2;1;4415.0;10387
11371;2023-05-19;1;4;2100.0;10389
11387;2023-05-19;2;2;8260.0;10004
11379;2023-05-19;1;1;1800.0;10390
11370;2023-05-19;1;4;2000.0;10012
11382;2023-05-19;2;2;5465.0;10018
11368;2023-05-19;1;4;1595.0;10010
11353;2023-05-19;1;2;4480.0;10439
11354;2023-05-19;1;3;4485.0;10379
11369;2023-05-19;1;4;3110.0;10020
11356;2023-05-19;1;2;1395.0;10274
11357;2023-05-19;1;2;3850.0;10023
11358;2023-05-19;1;3;3275.0;10031
11359;2023-05-19;1;4;2950.0;10391
11355;2023-05-19;1;4;1530.0;10434
11361;2023-05-19;1;4;4280.0;10006
11362;2023-05-19;1;4;2115.0;10298
11363;2023-05-19;1;3;810.0;10292
11364;2023-05-19;1;1;3075.0;10501
11365;2023-05-19;1;3;1330.0;10502
11366;2023-05-19;1;2;3810.0;10503
11367;2023-05-19;1;5;1395.0;10504
11360;2023-05-19;1;1;4495.0;10505
11402;2023-05-20;1;3;3845.0;10446
11403;2023-05-20;1;4;4625.0;10398
11404;2023-05-20;1;2;1825.0;10394
11405;2023-05-20;1;1;2955.0;10041
11406;2023-05-20;1;3;170.0;10001
11410;2023-05-20;1;2;4980.0;10444
11408;2023-05-20;1;5;1200.0;10046
11409;2023-05-20;1;4;5165.0;10049
11411;2023-05-20;1;1;2135.0;10063
11412;2023-05-20;1;4;1650.0;10056
11407;2023-05-20;1;1;3340.0;10053
11401;2023-05-20;1;2;3490.0;10047
11398;2023-05-20;1;1;735.0;10440
11399;2023-05-20;1;2;4855.0;10396
11400;2023-05-20;1;1;2120.0;10050
11388;2023-05-20;1;2;3265.0;10014
11389;2023-05-20;1;2;420.0;10054
11391;2023-05-20;1;2;2885.0;10443
11392;2023-05-20;1;1;2430.0;10401
11390;2023-05-20;1;3;2080.0;10445
11394;2023-05-20;1;1;3310.0;10393
11395;2023-05-20;1;5;1860.0;10058
11396;2023-05-20;1;2;540.0;10506
11397;2023-05-20;1;3;3435.0;10507
11393;2023-05-20;1;2;3940.0;10508
11433;2023-05-21;2;1;7425.0;10077
11429;2023-05-21;1;4;2980.0;10074
11430;2023-05-21;1;4;4330.0;10452
11431;2023-05-21;1;2;320.0;10447
11432;2023-05-21;2;1;8620.0;10405
11434;2023-05-21;2;3;2600.0;10079
11440;2023-05-21;1;3;1480.0;10404
11436;2023-05-21;2;1;5715.0;10081
11437;2023-05-21;1;1;2460.0;10051
11438;2023-05-21;2;3;9515.0;10086
11439;2023-05-21;2;4;8845.0;10451
11428;2023-05-21;1;5;3830.0;10035
11435;2023-05-21;1;5;3950.0;10314
11427;2023-05-21;1;4;190.0;10450
11415;2023-05-21;1;1;430.0;10070
11425;2023-05-21;1;5;2480.0;10312
11426;2023-05-21;1;5;2920.0;10067
11413;2023-05-21;1;1;1435.0;10078
11414;2023-05-21;1;1;4140.0;10083
11417;2023-05-21;1;1;5050.0;10448
11418;2023-05-21;1;1;1040.0;10082
11416;2023-05-21;1;4;870.0;10068
11420;2023-05-21;1;1;1420.0;10449
11421;2023-05-21;1;2;1220.0;10084
11422;2023-05-21;1;2;4330.0;10072
11423;2023-05-21;1;2;3975.0;10065
11424;2023-05-21;1;5;370.0;10066
11419;2023-05-21;1;4;415.0;10315
11465;2023-05-22;2;3;12965.0;10326
11460;2023-05-22;1;4;4660.0;10102
11461;2023-05-22;1;1;2915.0;10095
11462;2023-05-22;2;1;9105.0;10324
11463;2023-05-22;2;4;5415.0;10328
11464;2023-05-22;1;1;430.0;10088
11466;2023-05-22;2;4;6335.0;10407
11473;2023-05-22;1;4;3320.0;10453
11468;2023-05-22;2;1;6600.0;10100
11469;2023-05-22;2;3;2070.0;10090
11470;2023-05-22;1;1;2190.0;10323
11471;2023-05-22;1;4;1270.0;10318
11472;2023-05-22;1;4;2350.0;10320
11474;2023-05-22;2;5;5540.0;10321
11475;2023-05-22;2;4;5210.0;10104
11467;2023-05-22;1;4;4665.0;10454
11458;2023-05-22;1;4;4425.0;10093
11459;2023-05-22;1;2;3315.0;10107
11456;2023-05-22;1;4;3775.0;10098
11457;2023-05-22;1;3;4450.0;10322
11441;2023-05-22;1;4;3985.0;10105
11442;2023-05-22;1;5;1610.0;10509
11443;2023-05-22;1;1;660.0;10510
11444;2023-05-22;1;1;1380.0;10511
11446;2023-05-22;1;4;3770.0;10512
11447;2023-05-22;1;1;785.0;10513
11445;2023-05-22;1;4;1440.0;10514
11449;2023-05-22;1;2;3910.0;10515
11450;2023-05-22;1;4;805.0;10516
11451;2023-05-22;1;3;1210.0;10517
11452;2023-05-22;1;4;4730.0;10518
11453;2023-05-22;1;1;2185.0;10519
11454;2023-05-22;1;5;1190.0;10520
11455;2023-05-22;1;1;750.0;10521
11448;2023-05-22;1;1;3870.0;10522
11500;2023-05-23;1;2;1225.0;10140
11495;2023-05-23;1;5;3310.0;10110
11496;2023-05-23;1;5;1740.0;10122
11497;2023-05-23;1;3;4365.0;10126
11498;2023-05-23;1;3;3835.0;10112
11499;2023-05-23;1;1;1220.0;10462
11501;2023-05-23;1;4;1630.0;10109
11494;2023-05-23;1;1;3385.0;10461
11503;2023-05-23;2;1;7505.0;10120
11504;2023-05-23;2;3;7655.0;10465
11505;2023-05-23;1;1;5180.0;10121
11508;2023-05-23;2;3;6750.0;10456
11506;2023-05-23;2;2;9585.0;10331
11507;2023-05-23;2;3;6630.0;10097
11502;2023-05-23;1;2;700.0;10464
11493;2023-05-23;1;1;380.0;10135
11478;2023-05-23;1;2;985.0;10459
11491;2023-05-23;1;3;665.0;10408
11492;2023-05-23;1;3;5590.0;10118
11476;2023-05-23;1;2;3540.0;10131
11477;2023-05-23;1;4;1930.0;10463
11480;2023-05-23;1;4;1590.0;10114
11481;2023-05-23;1;5;800.0;10137
11482;2023-05-23;1;4;400.0;10457
11483;2023-05-23;1;1;5655.0;10455
11479;2023-05-23;1;2;2680.0;10096
11485;2023-05-23;1;3;3160.0;10108
11486;2023-05-23;1;5;850.0;10523
11487;2023-05-23;1;1;4470.0;10524
11488;2023-05-23;1;4;4320.0;10525
11489;2023-05-23;1;1;3140.0;10526
11490;2023-05-23;1;4;1010.0;10527
11484;2023-05-23;1;2;1540.0;10528
11522;2023-05-24;1;3;3095.0;10164
11523;2023-05-24;1;1;2535.0;10174
11524;2023-05-24;1;4;4010.0;10152
11525;2023-05-24;1;5;3730.0;10470
11528;2023-05-24;1;5;2530.0;10161
11527;2023-05-24;2;5;2830.0;10148
11529;2023-05-24;1;4;265.0;10146
11521;2023-05-24;1;2;2010.0;10467
11526;2023-05-24;1;3;3735.0;10469
11520;2023-05-24;1;5;2720.0;10170
11517;2023-05-24;1;1;1780.0;10176
11518;2023-05-24;1;5;3330.0;10144
11516;2023-05-24;1;2;3885.0;10173
11515;2023-05-24;1;3;680.0;10171
11514;2023-05-24;1;4;900.0;10166
11513;2023-05-24;1;2;130.0;10471
11512;2023-05-24;1;5;4610.0;10165
11511;2023-05-24;1;3;700.0;10466
11510;2023-05-24;1;3;750.0;10468
11509;2023-05-24;1;1;1815.0;10160
11519;2023-05-24;1;4;1820.0;10147
11546;2023-05-25;1;5;1815.0;10201
11547;2023-05-25;2;1;4610.0;10475
11548;2023-05-25;2;3;8440.0;10200
11549;2023-05-25;2;5;6455.0;10410
11550;2023-05-25;1;1;4290.0;10196
11557;2023-05-25;2;5;4085.0;10202
11552;2023-05-25;1;2;170.0;10412
11553;2023-05-25;1;3;365.0;10418
11554;2023-05-25;2;2;3420.0;10195
11556;2023-05-25;1;1;3250.0;10177
11545;2023-05-25;1;3;200.0;10191
11551;2023-05-25;1;4;3580.0;10189
11544;2023-05-25;1;3;2740.0;10476
11555;2023-05-25;2;1;9020.0;10192
11542;2023-05-25;1;5;5270.0;10417
11530;2023-05-25;1;1;1250.0;10419
11531;2023-05-25;1;2;220.0;10194
11532;2023-05-25;1;5;440.0;10420
11543;2023-05-25;1;5;3055.0;10186
11534;2023-05-25;1;4;3045.0;10413
11535;2023-05-25;1;3;3400.0;10167
11533;2023-05-25;1;1;3325.0;10149
11537;2023-05-25;1;4;440.0;10472
11538;2023-05-25;1;4;4330.0;10416
11539;2023-05-25;1;1;1005.0;10157
11540;2023-05-25;1;3;2240.0;10179
11541;2023-05-25;1;1;1780.0;10190
11536;2023-05-25;1;5;520.0;10409
11574;2023-05-26;1;1;3300.0;10209
11575;2023-05-26;1;4;840.0;10185
11576;2023-05-26;1;1;1945.0;10480
11577;2023-05-26;1;1;380.0;10344
11578;2023-05-26;2;5;4165.0;10342
11579;2023-05-26;1;4;1190.0;10219
11586;2023-05-26;1;2;4220.0;10421
11582;2023-05-26;1;4;4270.0;10336
11583;2023-05-26;1;3;2150.0;10482
11584;2023-05-26;1;5;2760.0;10426
11585;2023-05-26;1;4;3165.0;10479
11573;2023-05-26;1;2;2410.0;10335
11580;2023-05-26;2;4;10515.0;10184
11572;2023-05-26;1;5;3075.0;10345
11581;2023-05-26;2;1;2980.0;10483
11570;2023-05-26;1;5;400.0;10220
11558;2023-05-26;1;4;3460.0;10340
11571;2023-05-26;1;4;4350.0;10481
11560;2023-05-26;1;2;1520.0;10207
11561;2023-05-26;1;3;1260.0;10218
11562;2023-05-26;1;2;1960.0;10208
11563;2023-05-26;1;3;4200.0;10206
11559;2023-05-26;1;4;1795.0;10484
11565;2023-05-26;1;5;4310.0;10477
11566;2023-05-26;1;1;2665.0;10213
11567;2023-05-26;1;1;1270.0;10211
11568;2023-05-26;1;5;2885.0;10210
11569;2023-05-26;1;2;2395.0;10424
11564;2023-05-26;1;5;2245.0;10478
11606;2023-05-27;2;5;3935.0;10488
11605;2023-05-27;1;3;4085.0;10241
11604;2023-05-27;2;5;7415.0;10492
11603;2023-05-27;2;4;11625.0;10346
11602;2023-05-27;1;3;2195.0;10351
11601;2023-05-27;1;2;4945.0;10487
11600;2023-05-27;1;5;2960.0;10231
11599;2023-05-27;1;4;4320.0;10243
11598;2023-05-27;1;4;4770.0;10236
11597;2023-05-27;1;5;4510.0;10225
11595;2023-05-27;1;3;1405.0;10337
11594;2023-05-27;1;3;4230.0;10229
11593;2023-05-27;1;5;3505.0;10358
11592;2023-05-27;1;1;530.0;10216
11591;2023-05-27;1;2;170.0;10352
11590;2023-05-27;1;3;4840.0;10493
11589;2023-05-27;1;4;890.0;10490
11588;2023-05-27;1;5;2390.0;10486
11587;2023-05-27;1;1;4895.0;10238
11596;2023-05-27;1;5;1620.0;10245
11621;2023-05-28;1;5;1835.0;10498
11622;2023-05-28;1;5;4635.0;10360
11623;2023-05-28;1;2;690.0;10249
11624;2023-05-28;1;3;2040.0;10499
11625;2023-05-28;1;1;4325.0;10228
11628;2023-05-28;2;1;10680.0;10500
11626;2023-05-28;1;2;1610.0;10240
11627;2023-05-28;2;1;7605.0;10253
11629;2023-05-28;1;1;4865.0;10230
11620;2023-05-28;1;4;1690.0;10495
11630;2023-05-28;2;5;3540.0;10368
11619;2023-05-28;1;3;3005.0;10257
11611;2023-05-28;1;2;3845.0;10255
11617;2023-05-28;1;3;2630.0;10256
11616;2023-05-28;1;4;2475.0;10497
11615;2023-05-28;1;1;3860.0;10263
11614;2023-05-28;1;1;1330.0;10366
11613;2023-05-28;1;3;1285.0;10355
11612;2023-05-28;1;2;2870.0;10496
11610;2023-05-28;1;3;385.0;10371
11609;2023-05-28;1;5;3530.0;10239
11608;2023-05-28;1;2;1905.0;10258
11607;2023-05-28;1;3;1420.0;10226
11618;2023-05-28;1;5;2705.0;10485
11647;2023-05-29;1;5;4110.0;10365
11648;2023-05-29;1;5;3870.0;10376
11649;2023-05-29;2;2;6220.0;10234
11650;2023-05-29;1;3;1375.0;10378
11651;2023-05-29;2;5;9735.0;10271
11657;2023-05-29;1;3;3180.0;10364
11653;2023-05-29;1;1;3940.0;10285
11654;2023-05-29;1;5;1100.0;10284
11655;2023-05-29;1;3;4925.0;10277
11656;2023-05-29;2;2;2725.0;10282
11646;2023-05-29;1;3;3725.0;10280
11652;2023-05-29;1;4;1410.0;10374
11644;2023-05-29;1;4;1300.0;10375
11645;2023-05-29;1;1;880.0;10259
11631;2023-05-29;1;5;2050.0;10248
11643;2023-05-29;1;4;4490.0;10278
11632;2023-05-29;1;5;2840.0;10369
11633;2023-05-29;1;2;5500.0;10227
11634;2023-05-29;1;4;1055.0;10252
11636;2023-05-29;1;5;3975.0;10287
11635;2023-05-29;1;4;4660.0;10372
11638;2023-05-29;1;1;2185.0;10267
11639;2023-05-29;1;5;1195.0;10359
11640;2023-05-29;1;5;3170.0;10251
11641;2023-05-29;1;4;2430.0;10529
11642;2023-05-29;1;1;1410.0;10530
11637;2023-05-29;1;2;795.0;10531
11676;2023-05-30;1;1;2235.0;10381
11673;2023-05-30;1;4;4010.0;10431
11674;2023-05-30;1;2;480.0;10385
11675;2023-05-30;1;1;3720.0;10432
11677;2023-05-30;1;2;3690.0;10291
11672;2023-05-30;1;1;515.0;10295
11679;2023-05-30;2;5;10460.0;10437
11680;2023-05-30;1;4;1520.0;10430
11681;2023-05-30;2;2;3470.0;10294
11682;2023-05-30;2;2;9710.0;10428
11683;2023-05-30;1;3;2090.0;10427
11678;2023-05-30;1;4;610.0;10380
11671;2023-05-30;1;2;1325.0;10382
11659;2023-05-30;1;1;850.0;10302
11669;2023-05-30;1;5;2450.0;10296
11670;2023-05-30;1;4;4050.0;10435
11658;2023-05-30;1;1;1980.0;10384
11661;2023-05-30;1;5;3205.0;10279
11662;2023-05-30;1;1;2190.0;10308
11663;2023-05-30;1;2;1645.0;10304
11660;2023-05-30;1;4;1220.0;10275
11665;2023-05-30;1;5;760.0;10429
11666;2023-05-30;1;3;2085.0;10306
11667;2023-05-30;1;5;2365.0;10370
11668;2023-05-30;1;2;1385.0;10281
11664;2023-05-30;1;5;1010.0;10305
11708;2023-05-31;1;5;1350.0;10288
11703;2023-05-31;1;4;440.0;10387
11704;2023-05-31;1;3;2110.0;10002
11705;2023-05-31;1;4;4070.0;10004
11706;2023-05-31;1;5;3045.0;10015
11707;2023-05-31;2;4;5300.0;10242
11709;2023-05-31;1;4;3325.0;10018
11715;2023-05-31;1;1;2750.0;10012
11711;2023-05-31;1;4;2440.0;10436
11712;2023-05-31;1;2;2055.0;10390
11713;2023-05-31;1;1;2745.0;10502
11714;2023-05-31;1;2;600.0;10501
11716;2023-05-31;2;5;8920.0;10439
11702;2023-05-31;1;3;2950.0;10503
11710;2023-05-31;1;1;4485.0;10434
11701;2023-05-31;1;2;3980.0;10292
11687;2023-05-31;1;5;5095.0;10298
11699;2023-05-31;1;3;3040.0;10006
11700;2023-05-31;1;1;2935.0;10026
11684;2023-05-31;1;3;3695.0;10010
11686;2023-05-31;1;4;1620.0;10379
11688;2023-05-31;1;3;430.0;10383
11689;2023-05-31;1;5;1385.0;10310
11690;2023-05-31;1;2;4365.0;10028
11691;2023-05-31;1;1;3355.0;10505
11685;2023-05-31;1;3;3180.0;10009
11693;2023-05-31;1;4;1785.0;10389
11694;2023-05-31;1;4;695.0;10274
11695;2023-05-31;1;1;3005.0;10020
11698;2023-05-31;1;4;5930.0;10031
11696;2023-05-31;1;3;890.0;10013
11697;2023-05-31;1;5;2555.0;10023
11692;2023-05-31;1;3;3300.0;10504
11732;2023-06-01;1;1;2330.0;10001
11733;2023-06-01;2;5;6290.0;10391
11734;2023-06-01;2;1;3210.0;10049
11735;2023-06-01;2;2;5305.0;10445
11736;2023-06-01;1;4;4315.0;10401
11739;2023-06-01;2;4;6770.0;10053
11738;2023-06-01;2;1;7515.0;10054
11740;2023-06-01;2;5;6985.0;10041
11741;2023-06-01;1;5;2520.0;10398
11731;2023-06-01;1;3;4330.0;10047
11742;2023-06-01;2;3;4515.0;10056
11737;2023-06-01;2;3;10255.0;10014
11730;2023-06-01;1;2;1745.0;10508
11727;2023-06-01;1;1;4980.0;10507
11728;2023-06-01;1;3;1555.0;10394
11729;2023-06-01;1;3;3010.0;10050
11717;2023-06-01;1;1;1395.0;10063
11718;2023-06-01;1;4;3280.0;10058
11720;2023-06-01;1;2;1640.0;10377
11721;2023-06-01;1;5;220.0;10446
11719;2023-06-01;1;2;1340.0;10506
11723;2023-06-01;1;5;3190.0;10444
11724;2023-06-01;1;3;535.0;10016
11725;2023-06-01;1;3;3830.0;10046
11726;2023-06-01;1;2;575.0;10532
11722;2023-06-01;1;1;310.0;10533
11761;2023-06-02;2;1;6920.0;10405
11758;2023-06-02;1;5;3200.0;10077
11759;2023-06-02;1;4;3060.0;10051
11760;2023-06-02;2;1;8430.0;10450
11762;2023-06-02;1;1;3730.0;10066
11757;2023-06-02;1;3;420.0;10035
11764;2023-06-02;2;1;1250.0;10065
11765;2023-06-02;1;5;1715.0;10449
11766;2023-06-02;2;5;4935.0;10067
11767;2023-06-02;2;2;7870.0;10448
11763;2023-06-02;2;3;5850.0;10451
11756;2023-06-02;1;3;1500.0;10081
11754;2023-06-02;1;4;3795.0;10070
11744;2023-06-02;1;3;2035.0;10315
11753;2023-06-02;1;2;1220.0;10086
11752;2023-06-02;1;5;2020.0;10074
11751;2023-06-02;1;4;4940.0;10082
11750;2023-06-02;1;2;3165.0;10083
11749;2023-06-02;1;3;1410.0;10314
11748;2023-06-02;1;2;670.0;10078
11747;2023-06-02;1;3;2825.0;10072
11746;2023-06-02;1;4;2675.0;10068
11745;2023-06-02;1;2;2590.0;10079
11743;2023-06-02;1;2;3025.0;10534
11755;2023-06-02;1;2;3475.0;10535
11782;2023-06-03;2;1;7695.0;10514
11783;2023-06-03;2;5;6390.0;10515
11784;2023-06-03;1;4;1960.0;10104
11785;2023-06-03;1;5;670.0;10511
11780;2023-06-03;1;5;3125.0;10519
11787;2023-06-03;1;3;5110.0;10100
11788;2023-06-03;1;4;3620.0;10090
11781;2023-06-03;1;3;2930.0;10321
11786;2023-06-03;2;1;4705.0;10107
11779;2023-06-03;1;5;1450.0;10318
11775;2023-06-03;1;1;2650.0;10093
11777;2023-06-03;1;4;3350.0;10324
11768;2023-06-03;1;2;715.0;10509
11769;2023-06-03;1;5;1305.0;10323
11778;2023-06-03;1;4;1120.0;10513
11771;2023-06-03;1;2;4470.0;10512
11772;2023-06-03;1;4;580.0;10095
11770;2023-06-03;1;5;2435.0;10320
11774;2023-06-03;1;2;3250.0;10326
11776;2023-06-03;1;5;1940.0;10510
11773;2023-06-03;1;1;3440.0;10522
11813;2023-06-04;1;4;3770.0;10464
11809;2023-06-04;1;2;410.0;10527
11808;2023-06-04;1;5;4000.0;10126
11810;2023-06-04;1;1;1520.0;10098
11811;2023-06-04;1;1;1090.0;10455
11812;2023-06-04;1;1;4030.0;10457
11814;2023-06-04;2;1;3210.0;10407
11822;2023-06-04;1;1;1160.0;10523
11816;2023-06-04;1;3;1710.0;10140
11817;2023-06-04;2;5;7400.0;10121
11818;2023-06-04;1;1;3640.0;10114
11820;2023-06-04;1;2;680.0;10088
11821;2023-06-04;2;3;5520.0;10528
11823;2023-06-04;2;3;7365.0;10525
11807;2023-06-04;1;2;2680.0;10331
11815;2023-06-04;2;5;2470.0;10118
11806;2023-06-04;1;4;550.0;10137
11819;2023-06-04;1;4;2340.0;10097
11804;2023-06-04;1;3;1020.0;10120
11789;2023-06-04;1;3;2570.0;10517
11790;2023-06-04;1;1;2340.0;10453
11791;2023-06-04;1;2;2120.0;10454
11805;2023-06-04;1;5;4155.0;10328
11793;2023-06-04;1;1;1950.0;10096
11794;2023-06-04;1;3;1190.0;10108
11795;2023-06-04;1;1;980.0;10122
11792;2023-06-04;1;3;1570.0;10135
11797;2023-06-04;1;1;1965.0;10526
11798;2023-06-04;1;1;2215.0;10110
11799;2023-06-04;1;5;1555.0;10465
11800;2023-06-04;1;5;1060.0;10322
11801;2023-06-04;1;1;1230.0;10109
11802;2023-06-04;1;2;290.0;10463
11803;2023-06-04;1;4;1790.0;10462
11796;2023-06-04;1;1;1620.0;10516
11836;2023-06-05;1;3;3440.0;10144
11837;2023-06-05;1;3;1730.0;10165
11838;2023-06-05;1;4;3170.0;10171
11839;2023-06-05;1;4;1920.0;10471
11843;2023-06-05;1;1;1990.0;10166
11841;2023-06-05;2;2;11435.0;10173
11842;2023-06-05;1;4;3055.0;10170
11835;2023-06-05;1;2;745.0;10468
11840;2023-06-05;2;1;4570.0;10461
11834;2023-06-05;1;3;3150.0;10161
11844;2023-06-05;1;5;320.0;10146
11832;2023-06-05;1;1;390.0;10174
11833;2023-06-05;1;4;5470.0;10131
11825;2023-06-05;1;3;720.0;10152
11826;2023-06-05;1;2;2910.0;10467
11827;2023-06-05;1;4;4280.0;10466
11824;2023-06-05;1;5;3760.0;10164
11829;2023-06-05;1;5;2130.0;10160
11830;2023-06-05;1;3;3070.0;10536
11831;2023-06-05;1;2;4540.0;10537
11828;2023-06-05;1;1;6060.0;10538
11869;2023-06-06;2;4;7880.0;10189
11864;2023-06-06;1;3;3685.0;10179
11865;2023-06-06;1;1;2170.0;10194
11866;2023-06-06;1;5;3385.0;10417
11867;2023-06-06;1;4;1740.0;10416
11868;2023-06-06;1;2;1130.0;10177
11870;2023-06-06;2;4;3810.0;10420
11874;2023-06-06;2;1;4065.0;10149
11872;2023-06-06;1;5;2210.0;10196
11873;2023-06-06;2;5;3130.0;10418
11863;2023-06-06;1;5;1440.0;10419
11875;2023-06-06;2;3;10165.0;10167
11876;2023-06-06;1;5;3515.0;10475
11877;2023-06-06;2;5;9395.0;10472
11878;2023-06-06;1;5;3810.0;10191
11871;2023-06-06;2;5;4190.0;10201
11862;2023-06-06;1;4;2430.0;10410
11858;2023-06-06;1;1;3480.0;10409
11860;2023-06-06;1;3;5505.0;10157
11845;2023-06-06;1;3;985.0;10192
11846;2023-06-06;1;1;965.0;10412
11847;2023-06-06;1;2;5320.0;10200
11848;2023-06-06;1;5;3820.0;10195
11849;2023-06-06;1;5;1280.0;10413
11861;2023-06-06;1;4;2195.0;10476
11851;2023-06-06;1;5;6345.0;10202
11850;2023-06-06;1;5;3175.0;10190
11853;2023-06-06;1;5;3455.0;10539
11854;2023-06-06;1;3;300.0;10540
11855;2023-06-06;1;4;535.0;10541
11856;2023-06-06;1;3;280.0;10542
11857;2023-06-06;1;4;1920.0;10543
11859;2023-06-06;1;5;1360.0;10544
11852;2023-06-06;1;1;3200.0;10545
11894;2023-06-07;1;3;4010.0;10426
11892;2023-06-07;1;3;2140.0;10481
11893;2023-06-07;1;4;2715.0;10220
11895;2023-06-07;1;5;3345.0;10480
11891;2023-06-07;1;2;2415.0;10210
11900;2023-06-07;2;2;8455.0;10479
11897;2023-06-07;1;1;3425.0;10482
11898;2023-06-07;1;3;2655.0;10209
11899;2023-06-07;1;3;3810.0;10424
11896;2023-06-07;2;2;6435.0;10483
11890;2023-06-07;1;2;4320.0;10185
11882;2023-06-07;1;2;1940.0;10421
11888;2023-06-07;1;4;290.0;10336
11889;2023-06-07;1;1;2215.0;10344
11880;2023-06-07;1;4;190.0;10211
11881;2023-06-07;1;5;1565.0;10477
11883;2023-06-07;1;1;430.0;10345
11879;2023-06-07;1;1;515.0;10207
11885;2023-06-07;1;1;240.0;10484
11886;2023-06-07;1;2;690.0;10184
11887;2023-06-07;1;3;400.0;10335
11884;2023-06-07;1;1;2675.0;10213
11926;2023-06-08;1;4;1785.0;10241
11920;2023-06-08;1;4;3200.0;10206
11922;2023-06-08;1;5;595.0;10492
11923;2023-06-08;1;2;3070.0;10346
11924;2023-06-08;1;2;3130.0;10243
11925;2023-06-08;2;3;3775.0;10493
11927;2023-06-08;2;2;2245.0;10216
11932;2023-06-08;1;5;2790.0;10352
11929;2023-06-08;1;3;1405.0;10225
11930;2023-06-08;2;1;6310.0;10236
11931;2023-06-08;2;2;8550.0;10488
11919;2023-06-08;1;5;270.0;10245
11933;2023-06-08;2;5;6150.0;10231
11934;2023-06-08;2;1;9805.0;10229
11928;2023-06-08;2;5;11840.0;10238
11918;2023-06-08;1;5;3500.0;10337
11921;2023-06-08;1;5;2400.0;10487
11916;2023-06-08;1;4;730.0;10490
11917;2023-06-08;1;4;4260.0;10351
11902;2023-06-08;1;4;3050.0;10546
11903;2023-06-08;1;1;565.0;10547
11904;2023-06-08;1;4;310.0;10548
11905;2023-06-08;1;5;2615.0;10549
11906;2023-06-08;1;2;650.0;10550
11907;2023-06-08;1;5;3630.0;10551
11908;2023-06-08;1;4;3345.0;10552
11901;2023-06-08;1;5;2155.0;10553
11910;2023-06-08;1;5;1320.0;10554
11911;2023-06-08;1;2;3935.0;10555
11912;2023-06-08;1;1;4125.0;10556
11913;2023-06-08;1;4;1670.0;10557
11914;2023-06-08;1;3;2845.0;10558
11915;2023-06-08;1;2;440.0;10559
11909;2023-06-08;1;4;3405.0;10560
11955;2023-06-09;1;4;2230.0;10371
11956;2023-06-09;1;2;4775.0;10255
11957;2023-06-09;1;1;630.0;10499
11958;2023-06-09;1;5;2830.0;10249
11959;2023-06-09;2;3;2050.0;10228
11960;2023-06-09;2;2;6135.0;10240
11961;2023-06-09;2;4;1630.0;10355
11965;2023-06-09;1;4;2040.0;10495
11963;2023-06-09;1;5;595.0;10226
11964;2023-06-09;1;4;2905.0;10253
11966;2023-06-09;2;3;2330.0;10500
11967;2023-06-09;2;1;9420.0;10258
11968;2023-06-09;1;2;3500.0;10360
11969;2023-06-09;2;3;4170.0;10256
11954;2023-06-09;1;5;1645.0;10496
11962;2023-06-09;2;5;6515.0;10257
11953;2023-06-09;1;1;1305.0;10368
11949;2023-06-09;1;2;1140.0;10485
11951;2023-06-09;1;4;680.0;10239
11935;2023-06-09;1;3;2040.0;10497
11936;2023-06-09;1;2;2030.0;10263
11937;2023-06-09;1;2;4125.0;10561
11939;2023-06-09;1;1;3345.0;10562
11940;2023-06-09;1;3;850.0;10563
11941;2023-06-09;1;1;1700.0;10564
11942;2023-06-09;1;3;580.0;10565
11938;2023-06-09;1;4;2140.0;10566
11944;2023-06-09;1;3;1310.0;10567
11943;2023-06-09;1;5;1910.0;10568
11950;2023-06-09;1;5;4850.0;10569
11948;2023-06-09;1;5;2160.0;10570
11952;2023-06-09;1;4;5020.0;10571
11947;2023-06-09;1;2;1620.0;10572
11946;2023-06-09;1;4;2795.0;10573
11945;2023-06-09;1;1;1520.0;10574
11991;2023-06-10;1;1;3390.0;10531
11990;2023-06-10;2;2;5205.0;10278
11988;2023-06-10;1;1;2080.0;10375
11987;2023-06-10;1;4;520.0;10277
11986;2023-06-10;2;4;9775.0;10365
11985;2023-06-10;1;1;3890.0;10282
11984;2023-06-10;1;4;2735.0;10374
11983;2023-06-10;1;3;2290.0;10248
11982;2023-06-10;1;2;465.0;10227
11981;2023-06-10;1;4;3150.0;10369
11989;2023-06-10;1;2;1900.0;10529
11980;2023-06-10;1;5;2480.0;10285
11978;2023-06-10;1;1;3530.0;10259
11979;2023-06-10;1;2;2540.0;10364
11971;2023-06-10;1;1;4020.0;10359
11972;2023-06-10;1;3;5145.0;10280
11973;2023-06-10;1;1;3355.0;10378
11970;2023-06-10;1;1;1180.0;10251
11975;2023-06-10;1;4;755.0;10284
11976;2023-06-10;1;5;655.0;10267
11977;2023-06-10;1;5;1790.0;10271
11974;2023-06-10;1;4;1375.0;10252
12016;2023-06-11;1;4;400.0;10384
12011;2023-06-11;1;2;4315.0;10430
12012;2023-06-11;1;5;2250.0;10295
12013;2023-06-11;1;2;1620.0;10437
12014;2023-06-11;1;4;2820.0;10385
12015;2023-06-11;1;3;1795.0;10294
12026;2023-06-11;1;1;2675.0;10428
12022;2023-06-11;1;4;2360.0;10432
12019;2023-06-11;2;4;5950.0;10304
12020;2023-06-11;2;2;1465.0;10281
12021;2023-06-11;1;3;1050.0;10279
12023;2023-06-11;2;3;2645.0;10291
12024;2023-06-11;2;4;3535.0;10431
12025;2023-06-11;2;3;5925.0;10305
12010;2023-06-11;1;2;1660.0;10435
12018;2023-06-11;1;4;4845.0;10429
12009;2023-06-11;1;5;4210.0;10308
12017;2023-06-11;1;5;4015.0;10275
12007;2023-06-11;1;5;1300.0;10296
12008;2023-06-11;1;1;1325.0;10302
11993;2023-06-11;1;2;830.0;10382
11994;2023-06-11;1;5;2850.0;10427
11995;2023-06-11;1;1;4410.0;10370
11996;2023-06-11;1;5;2775.0;10372
11997;2023-06-11;1;1;1025.0;10575
11998;2023-06-11;1;5;720.0;10576
11992;2023-06-11;1;5;2545.0;10577
12000;2023-06-11;1;4;2675.0;10578
12001;2023-06-11;1;5;1660.0;10579
12002;2023-06-11;1;4;2770.0;10580
12003;2023-06-11;1;5;910.0;10581
12004;2023-06-11;1;4;4490.0;10582
12005;2023-06-11;1;1;3805.0;10583
12006;2023-06-11;1;1;2930.0;10584
11999;2023-06-11;1;1;4120.0;10585
12045;2023-06-12;1;3;4575.0;10505
12046;2023-06-12;1;1;4180.0;10503
12047;2023-06-12;1;4;3320.0;10504
12048;2023-06-12;1;5;2225.0;10023
12049;2023-06-12;1;2;3215.0;10298
12050;2023-06-12;1;2;2800.0;10026
12054;2023-06-12;1;2;2670.0;10018
12052;2023-06-12;2;3;2030.0;10292
12053;2023-06-12;2;5;8760.0;10387
12055;2023-06-12;2;1;6480.0;10501
12056;2023-06-12;2;2;9700.0;10020
12057;2023-06-12;2;4;5545.0;10013
12044;2023-06-12;1;4;1900.0;10310
12051;2023-06-12;2;1;8775.0;10383
12043;2023-06-12;1;1;3370.0;10390
12041;2023-06-12;1;4;1550.0;10002
12027;2023-06-12;1;1;2530.0;10004
12042;2023-06-12;1;5;1230.0;10010
12028;2023-06-12;1;1;1100.0;10242
12029;2023-06-12;1;4;3805.0;10379
12030;2023-06-12;1;2;1745.0;10031
12032;2023-06-12;1;3;4120.0;10015
12033;2023-06-12;1;5;2775.0;10434
12031;2023-06-12;1;3;2590.0;10389
12035;2023-06-12;1;1;3260.0;10012
12036;2023-06-12;1;3;680.0;10586
12037;2023-06-12;1;5;960.0;10587
12038;2023-06-12;1;4;4405.0;10588
12039;2023-06-12;1;1;2830.0;10589
12040;2023-06-12;1;4;1630.0;10590
12034;2023-06-12;1;4;760.0;10591
12080;2023-06-13;2;3;8255.0;10016
12076;2023-06-13;1;2;3675.0;10444
12089;2023-06-13;1;2;2740.0;10391
12078;2023-06-13;2;1;2830.0;10041
12079;2023-06-13;2;5;7225.0;10001
12081;2023-06-13;2;4;6415.0;10058
12075;2023-06-13;1;2;2120.0;10053
12083;2023-06-13;1;2;3250.0;10394
12084;2023-06-13;1;3;1660.0;10446
12085;2023-06-13;1;4;3790.0;10398
12086;2023-06-13;1;4;4240.0;10377
12087;2023-06-13;2;3;8055.0;10014
12088;2023-06-13;2;3;4130.0;10047
12082;2023-06-13;1;3;1630.0;10056
12074;2023-06-13;1;4;3265.0;10054
12077;2023-06-13;1;3;2070.0;10506
12072;2023-06-13;1;2;1750.0;10401
12073;2023-06-13;1;1;1990.0;10445
12058;2023-06-13;1;2;2215.0;10063
12059;2023-06-13;1;4;1540.0;10533
12060;2023-06-13;1;4;1655.0;10532
12061;2023-06-13;1;5;850.0;10046
12063;2023-06-13;1;2;2060.0;10592
12064;2023-06-13;1;3;2970.0;10593
12062;2023-06-13;1;1;4625.0;10594
12066;2023-06-13;1;2;1480.0;10595
12067;2023-06-13;1;1;1225.0;10596
12068;2023-06-13;1;2;1240.0;10597
12069;2023-06-13;1;3;480.0;10598
12070;2023-06-13;1;3;3045.0;10599
12071;2023-06-13;1;1;490.0;10600
12065;2023-06-13;1;4;430.0;10601
12114;2023-06-14;1;1;4080.0;10065
12110;2023-06-14;1;1;840.0;10078
12111;2023-06-14;1;5;2190.0;10068
12112;2023-06-14;1;4;3970.0;10083
12113;2023-06-14;1;5;400.0;10067
12115;2023-06-14;2;2;8985.0;10405
12123;2023-06-14;2;3;1750.0;10086
12117;2023-06-14;1;4;4510.0;10449
12118;2023-06-14;1;4;4035.0;10051
12119;2023-06-14;2;2;3625.0;10534
12120;2023-06-14;1;5;3290.0;10082
12121;2023-06-14;1;4;2550.0;10081
12122;2023-06-14;2;3;7445.0;10450
12108;2023-06-14;1;4;1615.0;10448
12116;2023-06-14;1;2;860.0;10535
12107;2023-06-14;1;4;1550.0;10079
12109;2023-06-14;1;3;800.0;10314
12105;2023-06-14;1;3;2650.0;10315
12106;2023-06-14;1;2;4870.0;10035
12090;2023-06-14;1;5;4320.0;10074
12091;2023-06-14;1;3;3250.0;10602
12092;2023-06-14;1;1;275.0;10603
12094;2023-06-14;1;5;1420.0;10604
12095;2023-06-14;1;2;620.0;10605
12096;2023-06-14;1;2;335.0;10606
12093;2023-06-14;1;5;1740.0;10607
12098;2023-06-14;1;2;1910.0;10608
12099;2023-06-14;1;4;1770.0;10609
12100;2023-06-14;1;3;2505.0;10610
12101;2023-06-14;1;5;2965.0;10611
12102;2023-06-14;1;1;240.0;10612
12103;2023-06-14;1;2;2515.0;10613
12097;2023-06-14;1;3;850.0;10614
12104;2023-06-14;1;2;1080.0;10615
12136;2023-06-15;1;4;1200.0;10512
12137;2023-06-15;1;4;5835.0;10513
12138;2023-06-15;1;5;3060.0;10321
12141;2023-06-15;1;2;2120.0;10107
12140;2023-06-15;1;1;1530.0;10509
12142;2023-06-15;1;5;2655.0;10090
12135;2023-06-15;1;4;2380.0;10519
12139;2023-06-15;1;4;2060.0;10318
12134;2023-06-15;1;3;1570.0;10510
12125;2023-06-15;1;3;2150.0;10511
12132;2023-06-15;1;2;3650.0;10095
12131;2023-06-15;1;3;665.0;10323
12130;2023-06-15;1;2;2170.0;10320
12129;2023-06-15;1;5;2595.0;10324
12128;2023-06-15;1;2;2630.0;10100
12127;2023-06-15;1;5;1610.0;10104
12126;2023-06-15;1;5;4180.0;10326
12124;2023-06-15;1;5;3290.0;10093
12143;2023-06-15;1;5;1260.0;10616
12133;2023-06-15;1;5;5205.0;10617
12144;2023-06-15;2;4;4735.0;10618
